Nome,Status Flora do Brasil,Nome Aceito Flora do Brasil,Status PlantList,Nome Aceito PlantList,Plant List x Flora do Brasil
Dicliptera ciliaris,Nome Aceito,Dicliptera ciliaris,Nome Aceito,Dicliptera ciliaris
Dyschoriste maranhonis,Nome Aceito,Dyschoriste maranhonis,Nome Aceito,Dyschoriste maranhonis
Hygrophila costata,Nome Aceito,Hygrophila costata,Nome Aceito,Hygrophila costata
Hygrophila guianensis,Nome Aceito,Hygrophila guianensis,Sinônimo,Hygrophila costata,Diferente
Hygrophila helodes,Não Encontrado,Não Encontrado,Sinônimo,Hygrophila costata
Justicia comata,Nome Aceito,Justicia comata,Nome Aceito,Justicia comata
Justicia aequilabris,Nome Aceito,Justicia aequilabris,Nome Aceito,Justicia aequilabris
Justicia laevilinguis,Nome Aceito,Justicia laevilinguis,Nome Aceito,Justicia laevilinguis
Justia pectoralis,Não Encontrado,Não Encontrado,Não Encontrado,Não Encontrado
Nelsonia brunelloides,Sinônimo,Nelsonia canescens,Não Encontrado,Não Encontrado,Diferente
Ruellia bahiensis,Nome Aceito,Ruellia bahiensis,Nome Aceito,Ruellia bahiensis
Ruellia paniculata,Nome Aceito,Ruellia paniculata,Nome Aceito,Ruellia paniculata
Sesuvium portulacastrum,Nome Aceito,Sesuvium portulacastrum,Nome Aceito,Sesuvium portulacastrum
Echinodorus andrieuxii,Sinônimo,Echinodorus subalatus,Não Encontrado,Não Encontrado,Diferente
Echinodorus argentinensis,Sinônimo,Echinodorus grandiflorus,Sinônimo,Echinodorus grandiflorus
Echinodorus aschersonianus,Nome Aceito,Echinodorus aschersonianus,Não Encontrado,Não Encontrado,Diferente
Echinodorus bolivianus,Sinônimo,Helanthium bolivianum,Sinônimo,Helanthium bolivianum
Echinodorus cordifolius,Não Encontrado,Não Encontrado,Nome Aceito,Echinodorus cordifolius
Echinodorus floribundus,Nome Aceito,Echinodorus floribundus,Nome Aceito,Echinodorus floribundus
Echinodorus glandulosus,Nome Aceito,Echinodorus glandulosus,Nome Aceito,Echinodorus glandulosus
Echinodorus grandiflorus,Nome Aceito,Echinodorus grandiflorus,Nome Aceito,Echinodorus grandiflorus
Echinodorus grisebachii,Nome Aceito,Echinodorus grisebachii,Nome Aceito,Echinodorus grisebachii
Echinodorus lanceolatus,Nome Aceito,Echinodorus lanceolatus,Nome Aceito,Echinodorus lanceolatus
Echinodorus longipetalus,Nome Aceito,Echinodorus longipetalus,Nome Aceito,Echinodorus longipetalus
Echinodorus longiscapus,Nome Aceito,Echinodorus longiscapus,Nome Aceito,Echinodorus longiscapus
Echinodorus macrophyllus,Nome Aceito,Echinodorus macrophyllus,Nome Aceito,Echinodorus macrophyllus
Echinodorus palaefolius,Nome Aceito,Echinodorus palaefolius,Não Encontrado,Não Encontrado,Diferente
Echinodorus paniculatus,Nome Aceito,Echinodorus paniculatus,Nome Aceito,Echinodorus paniculatus
Echinodorus pubescens,Nome Aceito,Echinodorus pubescens,Nome Aceito,Echinodorus pubescens
Echinodorus ranunculoides,Não Encontrado,Não Encontrado,Não Encontrado,Não Encontrado
Echinodorus reticulatus,Nome Aceito,Echinodorus reticulatus,Sinônimo,Echinodorus longipetalus,Diferente
Echinodorus scaber,Nome Aceito,Echinodorus scaber,Nome Aceito,Echinodorus scaber
Echinodorus subalatus,Nome Aceito,Echinodorus subalatus,Nome Aceito,Echinodorus subalatus
Echinodorus tenellus,Sinônimo,Helanthium tenellum,Não Encontrado,Não Encontrado,Diferente
Echinodorus teretoscapus,Sinônimo,Echinodorus glaucus,Sinônimo,Echinodorus glaucus
Helanthium tenellum,Nome Aceito,Helanthium tenellum,Nome Aceito,Helanthium tenellum
Hydrocleys martii,Nome Aceito,Hydrocleys martii,Nome Aceito,Hydrocleys martii
Hydrocleys nymphoides,Nome Aceito,Hydrocleys nymphoides,Nome Aceito,Hydrocleys nymphoides
Hydrocleys parviflora,Nome Aceito,Hydrocleys parviflora,Nome Aceito,Hydrocleys parviflora
Limnocharis flava,Nome Aceito,Limnocharis flava,Nome Aceito,Limnocharis flava
Limnocharis laforestii,Sinônimo,Limnocharis laforesti,Nome Aceito,Limnocharis laforestii,Diferente
Sagittaria guayanensis,Nome Aceito,Sagittaria guayanensis,Nome Aceito,Sagittaria guayanensis
Sagittaria lancifolia,Nome Aceito,Sagittaria lancifolia,Nome Aceito,Sagittaria lancifolia
Sagittaria montevidensis,Nome Aceito,Sagittaria montevidensis,Nome Aceito,Sagittaria montevidensis
Sagittaria planitiana,Nome Aceito,Sagittaria planitiana,Nome Aceito,Sagittaria planitiana
Sagittaria rhombifolia,Nome Aceito,Sagittaria rhombifolia,Nome Aceito,Sagittaria rhombifolia
Sagittaria sprucei,Nome Aceito,Sagittaria sprucei,Nome Aceito,Sagittaria sprucei
Alstroemeria isabellana,Sinônimo,,Nome Aceito,Alstroemeria isabellana,Diferente
Alternanthera aquatica,Nome Aceito,Alternanthera aquatica,Nome Aceito,Alternanthera aquatica
Alternanthera brasiliana,Nome Aceito,Alternanthera brasiliana,Nome Aceito,Alternanthera brasiliana
Alternanthera paronychioides,Nome Aceito,Alternanthera paronychioides,Nome Aceito,Alternanthera paronychioides
Alternanthera philoxeroides,Nome Aceito,Alternanthera philoxeroides,Nome Aceito,Alternanthera philoxeroides
Alternanthera pilosa,Nome Aceito,Alternanthera pilosa,Não Encontrado,Não Encontrado,Diferente
Alternanthera tenella,Nome Aceito,Alternanthera tenella,Não Encontrado,Não Encontrado,Diferente
Amaranthus spinosus,Nome Aceito,Amaranthus spinosus,Nome Aceito,Amaranthus spinosus
Amaranthus viridis,Nome Aceito,Amaranthus viridis,Nome Aceito,Amaranthus viridis
Atriplex montevidensis,Não Encontrado,Não Encontrado,Nome Aceito,Atriplex montevidensis
Atriplex undulata,Não Encontrado,Não Encontrado,Nome Aceito,Atriplex undulata
Blutaparon portulacoides,Nome Aceito,Blutaparon portulacoides,Nome Aceito,Blutaparon portulacoides
Chamissoa altissima,Nome Aceito,Chamissoa altissima,Nome Aceito,Chamissoa altissima
Chenopodium ambrosioides,Sinônimo,Dysphania ambrosioides,Não Encontrado,Não Encontrado,Diferente
Gomphrena demissa,Nome Aceito,Gomphrena demissa,Nome Aceito,Gomphrena demissa
Gomphrena elegans,Nome Aceito,Gomphrena elegans,Nome Aceito,Gomphrena elegans
Hebanthe paniculata,Sinônimo,Hebanthe eriantha,Sinônimo,Hebanthe eriantha
Pfaffia glomerata,Nome Aceito,Pfaffia glomerata,Nome Aceito,Pfaffia glomerata
Pfaffia pulverulenta,Sinônimo,Hebanthe pulverulenta,Não Encontrado,Não Encontrado,Diferente
Pfaffia iresinoides,Não Encontrado,Não Encontrado,Nome Aceito,Pfaffia iresinoides
Salicornia ambigua,Não Encontrado,Não Encontrado,Sinônimo,Sarcocornia perennis
Salicornia gaudichaudiana,Sinônimo,Salicornia fruticosa,Sinônimo,Sarcocornia fruticosa,Diferente
Crinum americanum,Nome Aceito,Crinum americanum,Nome Aceito,Crinum americanum
Hyppeastrum angustifolium,Não Encontrado,Não Encontrado,Não Encontrado,Não Encontrado
Schinus terenbinthifolius,Não Encontrado,Não Encontrado,Não Encontrado,Não Encontrado
Centella asiatica,Nome Aceito,Centella asiatica,Nome Aceito,Centella asiatica
Eryngium ebracteatum,Nome Aceito,Eryngium ebracteatum,Nome Aceito,Eryngium ebracteatum
Eryngium eburneum,Nome Aceito,Eryngium eburneum,Nome Aceito,Eryngium eburneum
Eryngium ekmanii,Nome Aceito,Eryngium ekmanii,Nome Aceito,Eryngium ekmanii
Eryngium pandanifolium,Nome Aceito,Eryngium pandanifolium,Nome Aceito,Eryngium pandanifolium
Hydrocotyle ranunculoides,Nome Aceito,Hydrocotyle ranunculoides,Nome Aceito,Hydrocotyle ranunculoides
Hydrocotyle verticillata,Nome Aceito,Hydrocotyle verticillata,Nome Aceito,Hydrocotyle verticillata
Lilaeopsis attenuata,Nome Aceito,Lilaeopsis attenuata,Nome Aceito,Lilaeopsis attenuata
Lilaeopsis brasiliensis,Nome Aceito,Lilaeopsis brasiliensis,Nome Aceito,Lilaeopsis brasiliensis
Lilaeopsis carolinensis,Nome Aceito,Lilaeopsis carolinensis,Nome Aceito,Lilaeopsis carolinensis
Lilaeopsis tenuis,Nome Aceito,Lilaeopsis tenuis,Nome Aceito,Lilaeopsis tenuis
Allamanda cathartica,Nome Aceito,Allamanda cathartica,Nome Aceito,Allamanda cathartica
Allamanda nobilis,Nome Aceito,Allamanda nobilis,Nome Aceito,Allamanda nobilis
Ditassa hastata,Nome Aceito,Ditassa hastata,Nome Aceito,Ditassa hastata
Mandevilla clandestina,Nome Aceito,Mandevilla clandestina,Nome Aceito,Mandevilla clandestina
Mandevilla hirsuta,Nome Aceito,Mandevilla hirsuta,Nome Aceito,Mandevilla hirsuta
Mandevilla tenuifolia,Nome Aceito,Mandevilla tenuifolia,Nome Aceito,Mandevilla tenuifolia
Odontadenia nitida,Nome Aceito,Odontadenia nitida,Nome Aceito,Odontadenia nitida
Oxypetalum pachyglossum,Nome Aceito,Oxypetalum pachyglossum,Nome Aceito,Oxypetalum pachyglossum
Oxypetalum tubatum,Nome Aceito,Oxypetalum tubatum,Nome Aceito,Oxypetalum tubatum
Rhabdadenia biflora,Nome Aceito,Rhabdadenia biflora,Nome Aceito,Rhabdadenia biflora
Rhabdadenia madida,Nome Aceito,Rhabdadenia madida,Nome Aceito,Rhabdadenia madida
Rhabdanenia pohlii,Não Encontrado,Não Encontrado,Não Encontrado,Não Encontrado
Alocasia macrorrhiza,Não Encontrado,Não Encontrado,Não Encontrado,Não Encontrado
Colocasia esculenta,Não Encontrado,Não Encontrado,Nome Aceito,Colocasia esculenta
Dracontium longipes,Nome Aceito,Dracontium longipes,Nome Aceito,Dracontium longipes
Landoltia punctata,Nome Aceito,Landoltia punctata,Sinônimo,Spirodela punctata,Diferente
Lemna aequinoctialis,Nome Aceito,Lemna aequinoctialis,Nome Aceito,Lemna aequinoctialis
Lemna gibba,Nome Aceito,Lemna gibba,Nome Aceito,Lemna gibba
Lemna minuta,Nome Aceito,Lemna minuta,Nome Aceito,Lemna minuta
Lemna valdiviana,Nome Aceito,Lemna valdiviana,Nome Aceito,Lemna valdiviana
Montrichardia arborescens,Nome Aceito,Montrichardia arborescens,Nome Aceito,Montrichardia arborescens
Montrichiardia linifera,Não Encontrado,Não Encontrado,Não Encontrado,Não Encontrado
Philodendron brasiliense,Nome Aceito,Philodendron brasiliense,Nome Aceito,Philodendron brasiliense
Philodendron rudgeanum,Nome Aceito,Philodendron rudgeanum,Nome Aceito,Philodendron rudgeanum
Pistia stratioides,Não Encontrado,Não Encontrado,Não Encontrado,Não Encontrado
Spirodela intermedia,Nome Aceito,Spirodela intermedia,Sinônimo,Spirodela punctata,Diferente
Urospatha sagittifolia,Nome Aceito,Urospatha sagittifolia,Nome Aceito,Urospatha sagittifolia
Wolffia arrhiza,Nome Aceito,Wolffia arrhiza,Nome Aceito,Wolffia arrhiza
Wolffia brasiliensis,Nome Aceito,Wolffia brasiliensis,Nome Aceito,Wolffia brasiliensis
Wolffia columbiana,Nome Aceito,Wolffia columbiana,Nome Aceito,Wolffia columbiana
Wolffiella lingulata,Nome Aceito,Wolffiella lingulata,Nome Aceito,Wolffiella lingulata
Wollffiella oblonga,Não Encontrado,Não Encontrado,Não Encontrado,Não Encontrado
Wolffiella welwitschii,Nome Aceito,Wolffiella welwitschii,Nome Aceito,Wolffiella welwitschii
Xanthosoma aristiguietae,Não Encontrado,Não Encontrado,Não Encontrado,Não Encontrado
Zantedeschia aethiopica,Não Encontrado,Não Encontrado,Nome Aceito,Zantedeschia aethiopica
Hydrocotyle bonariensis,Nome Aceito,Hydrocotyle bonariensis,Nome Aceito,Hydrocotyle bonariensis
Hydrocotyle leucocephala,Nome Aceito,Hydrocotyle leucocephala,Nome Aceito,Hydrocotyle leucocephala
Hydrolotyle pussilla,Não Encontrado,Não Encontrado,Não Encontrado,Não Encontrado
Hydrocotyle ranunculoides,Nome Aceito,Hydrocotyle ranunculoides,Nome Aceito,Hydrocotyle ranunculoides
Hydrocotyle verticillata,Nome Aceito,Hydrocotyle verticillata,Nome Aceito,Hydrocotyle verticillata
Bactris maraja,Nome Aceito,Bactris maraja,Nome Aceito,Bactris maraja
Mauritia carana,Nome Aceito,Mauritia carana,Nome Aceito,Mauritia carana
Mauritiella armata,Nome Aceito,Mauritiella armata,Nome Aceito,Mauritiella armata
Aristolochia macroura,Sinônimo,Aristolochia trilobata,Nome Aceito,Aristolochia macroura,Diferente
Roullinia montevidensis,Não Encontrado,Não Encontrado,Não Encontrado,Não Encontrado
Acanthospermum australe,Nome Aceito,Acanthospermum australe,Nome Aceito,Acanthospermum australe
Acanthospermum hispidum,Nome Aceito,Acanthospermum hispidum,Nome Aceito,Acanthospermum hispidum
Achyrocline alata,Nome Aceito,Achyrocline alata,Nome Aceito,Achyrocline alata
Acilepdopsis echitifolia,Não Encontrado,Não Encontrado,Não Encontrado,Não Encontrado
Acmella uliginosa,Nome Aceito,Acmella uliginosa,Nome Aceito,Acmella uliginosa
Adenostemma brasilianum,Nome Aceito,Adenostemma brasilianum,Nome Aceito,Adenostemma brasilianum
Ageratum conyzoides,Nome Aceito,Ageratum conyzoides,Nome Aceito,Ageratum conyzoides
Ambrosia artemisiaefolia,Não Encontrado,Não Encontrado,Não Encontrado,Não Encontrado
Aster squamatus,Sinônimo,Symphyotrichum squamatum,Nome Aceito,Aster squamatus,Diferente
Baccharis microcephala,Nome Aceito,Baccharis microcephala,Nome Aceito,Baccharis microcephala
Baccharis penningtonii,Nome Aceito,Baccharis penningtonii,Nome Aceito,Baccharis penningtonii
Baccharis spicata,Nome Aceito,Baccharis spicata,Nome Aceito,Baccharis spicata
Baccharis usteri,Sinônimo,Baccharis junciformis,Não Encontrado,Não Encontrado,Diferente
Baccharidastrum triplinerve,Não Encontrado,Não Encontrado,Não Encontrado,Não Encontrado
Barrosoa betonicaeformis,Nome Aceito,Barrosoa betonicaeformis,Nome Aceito,Barrosoa betonicaeformis
Bidens laevis,Nome Aceito,Bidens laevis,Nome Aceito,Bidens laevis
Blainvillea dichotoma,Nome Aceito,Blainvillea dichotoma,Nome Aceito,Blainvillea dichotoma
Centratherum punctatum,Nome Aceito,Centratherum punctatum,Nome Aceito,Centratherum punctatum
Calea marginata,Nome Aceito,Calea marginata,Nome Aceito,Calea marginata
Campuloclinium purpurascens,Nome Aceito,Campuloclinium purpurascens,Nome Aceito,Campuloclinium purpurascens
Chaptalia graminifolia,Nome Aceito,Chaptalia graminifolia,Nome Aceito,Chaptalia graminifolia
Chrysolaena platensis,Nome Aceito,Chrysolaena platensis,Nome Aceito,Chrysolaena platensis
Clibadium amanii,Não Encontrado,Não Encontrado,Não Encontrado,Não Encontrado
Conyza bonariensis,Nome Aceito,Conyza bonariensis,Não Encontrado,Não Encontrado,Diferente
Conyza sumatrensis,Nome Aceito,Conyza sumatrensis,Nome Aceito,Conyza sumatrensis
Cotula coronopifolia,Nome Aceito,Cotula coronopifolia,Nome Aceito,Cotula coronopifolia
Delilia biflora,Nome Aceito,Delilia biflora,Nome Aceito,Delilia biflora
Eclipta megapotamica,Nome Aceito,Eclipta megapotamica,Nome Aceito,Eclipta megapotamica
Eclipta prostrata,Nome Aceito,Eclipta prostrata,Nome Aceito,Eclipta prostrata
Egletes viscosa,Nome Aceito,Egletes viscosa,Nome Aceito,Egletes viscosa
Elephantopus mollis,Nome Aceito,Elephantopus mollis,Nome Aceito,Elephantopus mollis
Emilia coccinea,Sinônimo,Emilia fosbergii,Nome Aceito,Emilia coccinea,Diferente
Emilia sonchifolia,Nome Aceito,Emilia sonchifolia,Nome Aceito,Emilia sonchifolia
Enydra anagallis,Nome Aceito,Enydra anagallis,Nome Aceito,Enydra anagallis
Enydra radicans,Nome Aceito,Enydra radicans,Nome Aceito,Enydra radicans
Enydra sessilis,Não Encontrado,Não Encontrado,Nome Aceito,Enydra sessilis
Enydra virularis,Não Encontrado,Não Encontrado,Não Encontrado,Não Encontrado
Erechtites hieracifolia,Não Encontrado,Não Encontrado,Nome Aceito,Erechtites hieracifolia
Erechtites hieracifolius,Nome Aceito,Erechtites hieracifolius,Não Encontrado,Não Encontrado,Diferente
Erechtites valerianifolius,Nome Aceito,Erechtites valerianifolius,Nome Aceito,Erechtites valerianifolius
Erigeron maximus,Não Encontrado,Não Encontrado,Não Encontrado,Não Encontrado
Eupatorium bupleurifolium,Não Encontrado,Não Encontrado,Não Encontrado,Não Encontrado
Eupatorium candolleanum,Sinônimo,Barrosoa candolleana,Não Encontrado,Não Encontrado,Diferente
Eupatorium subhastatum,Não Encontrado,Não Encontrado,Não Encontrado,Não Encontrado
Eupatorium tremulum,Não Encontrado,Não Encontrado,Não Encontrado,Não Encontrado
Eupatorium tweedianum,Não Encontrado,Não Encontrado,Não Encontrado,Não Encontrado
Gamochaeta americana,Nome Aceito,Gamochaeta americana,Não Encontrado,Não Encontrado,Diferente
Gnaphalium spicatum,Não Encontrado,Não Encontrado,Não Encontrado,Não Encontrado
Grazielia intermedia,Nome Aceito,Grazielia intermedia,Nome Aceito,Grazielia intermedia
Gymnocoronis spilanthoides,Nome Aceito,Gymnocoronis spilanthoides,Nome Aceito,Gymnocoronis spilanthoides
Jaegeria hirta,Nome Aceito,Jaegeria hirta,Nome Aceito,Jaegeria hirta
Jungia floribunda,Nome Aceito,Jungia floribunda,Nome Aceito,Jungia floribunda
Lepidaploa chalybaea,Nome Aceito,Lepidaploa chalybaea,Nome Aceito,Lepidaploa chalybaea
Lessingianthus glabratus,Nome Aceito,Lessingianthus glabratus,Nome Aceito,Lessingianthus glabratus
Mikania congesta,Nome Aceito,Mikania congesta,Nome Aceito,Mikania congesta
Mikania cordifolia,Nome Aceito,Mikania cordifolia,Nome Aceito,Mikania cordifolia
Mikania micrantha,Nome Aceito,Mikania micrantha,Nome Aceito,Mikania micrantha
Mikania periplocifolia,Nome Aceito,Mikania periplocifolia,Nome Aceito,Mikania periplocifolia
Pacourina edulis,Nome Aceito,Pacourina edulis,Nome Aceito,Pacourina edulis
Picrosia longifolia,Nome Aceito,Picrosia longifolia,Nome Aceito,Picrosia longifolia
Pluchea sagittalis,Nome Aceito,Pluchea sagittalis,Nome Aceito,Pluchea sagittalis
Praxelis sanctopaulensis,Nome Aceito,Praxelis sanctopaulensis,Nome Aceito,Praxelis sanctopaulensis
Pterocaulon balansae,Nome Aceito,Pterocaulon balansae,Nome Aceito,Pterocaulon balansae
Richterago radiata,Nome Aceito,Richterago radiata,Sinônimo,Actinoseris radiata,Diferente
Rolandra fruticosa,Nome Aceito,Rolandra fruticosa,Nome Aceito,Rolandra fruticosa
Senecio bonariensis,Nome Aceito,Senecio bonariensis,Nome Aceito,Senecio bonariensis
Senecio erisithalifolius,Nome Aceito,Senecio erisithalifolius,Nome Aceito,Senecio erisithalifolius
Senecio icoglossus,Nome Aceito,Senecio icoglossus,Não Encontrado,Não Encontrado,Diferente
Senecio mattfeldianus,Não Encontrado,Não Encontrado,Nome Aceito,Senecio mattfeldianus
Senecio tweediei,Nome Aceito,Senecio tweediei,Nome Aceito,Senecio tweediei
Sonchus oleraceus,Nome Aceito,Sonchus oleraceus,Nome Aceito,Sonchus oleraceus
Sphagneticola trilobata,Nome Aceito,Sphagneticola trilobata,Nome Aceito,Sphagneticola trilobata
Synedrella nodiflora,Nome Aceito,Synedrella nodiflora,Nome Aceito,Synedrella nodiflora
Tilesia baccata,Nome Aceito,Tilesia baccata,Nome Aceito,Tilesia baccata
Trichospira verticillata,Nome Aceito,Trichospira verticillata,Nome Aceito,Trichospira verticillata
Vernonanthura beyrichii,Nome Aceito,Vernonanthura beyrichii,Nome Aceito,Vernonanthura beyrichii
Vernonanthura brasiliana,Nome Aceito,Vernonanthura brasiliana,Nome Aceito,Vernonanthura brasiliana
Vernonia scorpioides,Sinônimo,Cyrtocymura scorpioides,Não Encontrado,Não Encontrado,Diferente
Wedelia alagoensis,Sinônimo,Wedelia villosa,Nome Aceito,Wedelia alagoensis,Diferente
Wedelia calycina,Nome Aceito,Wedelia calycina,Não Encontrado,Não Encontrado,Diferente
Impatiens wallerana,Não Encontrado,Não Encontrado,Não Encontrado,Não Encontrado
Begonia cucullata,Nome Aceito,Begonia cucullata,Nome Aceito,Begonia cucullata
Begonia fischeri Schrank,Não Encontrado,Não Encontrado,Não Encontrado,Não Encontrado
Begonia hirtella,Nome Aceito,Begonia hirtella,Nome Aceito,Begonia hirtella
Begonia reniformis,Nome Aceito,Begonia reniformis,Nome Aceito,Begonia reniformis
Pleonotoma clematis,Nome Aceito,Pleonotoma clematis,Nome Aceito,Pleonotoma clematis
Tanaecium pyramidatum,Nome Aceito,Tanaecium pyramidatum,Nome Aceito,Tanaecium pyramidatum
Tynanthus polyanthus,Nome Aceito,Tynanthus polyanthus,Nome Aceito,Tynanthus polyanthus
Cordia curassavica,Sinônimo,Varronia curassavica,Nome Aceito,Cordia curassavica,Diferente
Cordia multispicata,Sinônimo,Varronia multispicata,Nome Aceito,Cordia multispicata,Diferente
Cordia superba,Nome Aceito,Cordia superba,Nome Aceito,Cordia superba
Cordia tetrandra,Nome Aceito,Cordia tetrandra,Nome Aceito,Cordia tetrandra
Euploca procumbens,Nome Aceito,Euploca procumbens,Sinônimo,Heliotropium procumbens,Diferente
Heliotropium angiospermum,Nome Aceito,Heliotropium angiospermum,Nome Aceito,Heliotropium angiospermum
Heliotropium elongatum,Nome Aceito,Heliotropium elongatum,Nome Aceito,Heliotropium elongatum
Heliotropium indicum,Nome Aceito,Heliotropium indicum,Nome Aceito,Heliotropium indicum
Heliotropium procumbens,Sinônimo,Euploca procumbens,Nome Aceito,Heliotropium procumbens,Diferente
Tournefortia bicolor,Nome Aceito,Tournefortia bicolor,Nome Aceito,Tournefortia bicolor
Cardamine bonariensis,Nome Aceito,Cardamine bonariensis,Nome Aceito,Cardamine bonariensis
Nasturtium officinale,Não Encontrado,Não Encontrado,Nome Aceito,Nasturtium officinale
Burmannia australis,Nome Aceito,Burmannia australis,Nome Aceito,Burmannia australis
Burmannia capitata,Nome Aceito,Burmannia capitata,Nome Aceito,Burmannia capitata
Burmannia flava,Nome Aceito,Burmannia flava,Nome Aceito,Burmannia flava
Cabomba aquatica,Nome Aceito,Cabomba aquatica,Nome Aceito,Cabomba aquatica
Cabomba caroliniana,Nome Aceito,Cabomba caroliniana,Nome Aceito,Cabomba caroliniana
Cabomba furcata,Nome Aceito,Cabomba furcata,Nome Aceito,Cabomba furcata
Cabomba haynesii,Nome Aceito,Cabomba haynesii,Nome Aceito,Cabomba haynesii
Centropogon cornutus,Nome Aceito,Centropogon cornutus,Nome Aceito,Centropogon cornutus
Lobelia anceps,Nome Aceito,Lobelia anceps,Nome Aceito,Lobelia anceps
Lobelia aquatica,Nome Aceito,Lobelia aquatica,Nome Aceito,Lobelia aquatica
Lobelia camporum,Nome Aceito,Lobelia camporum,Nome Aceito,Lobelia camporum
Lobelia exaltata,Nome Aceito,Lobelia exaltata,Nome Aceito,Lobelia exaltata
Lobelia fistulosa,Nome Aceito,Lobelia fistulosa,Nome Aceito,Lobelia fistulosa
Lobelia nummularioides,Nome Aceito,Lobelia nummularioides,Nome Aceito,Lobelia nummularioides
Lobelia xalapensis,Nome Aceito,Lobelia xalapensis,Nome Aceito,Lobelia xalapensis
Pratia hederacea,Sinônimo,Lobelia hederacea,Não Encontrado,Não Encontrado,Diferente
Siphocampylus sulfereus,Não Encontrado,Não Encontrado,Não Encontrado,Não Encontrado
Canna indica,Nome Aceito,Canna indica,Nome Aceito,Canna indica
Canna glauca,Nome Aceito,Canna glauca,Nome Aceito,Canna glauca
Canna xgeneralis,Não Encontrado,Não Encontrado,Não Encontrado,Não Encontrado
Aneilema umbrosum,Nome Aceito,Aneilema umbrosum,Nome Aceito,Aneilema umbrosum
Callisia filiformis (M.Martens,Não Encontrado,Não Encontrado,Não Encontrado,Não Encontrado
Commelina diffusa Burm.f.,Não Encontrado,Não Encontrado,Não Encontrado,Não Encontrado
Commelina erecta,Nome Aceito,Commelina erecta,Nome Aceito,Commelina erecta
Commelina nudiflora,Sinônimo,Murdannia nudiflora,Não Encontrado,Não Encontrado,Diferente
Commelina obliqua Vahl,Não Encontrado,Não Encontrado,Não Encontrado,Não Encontrado
Commelina schomburgkiana,Sinônimo,Commelina longicaulis,Nome Aceito,Commelina schomburgkiana,Diferente
Dichorisandra hexandra,Nome Aceito,Dichorisandra hexandra,Nome Aceito,Dichorisandra hexandra
Floscopa glabrata,Nome Aceito,Floscopa glabrata,Nome Aceito,Floscopa glabrata
Tripogandra diuretica,Nome Aceito,Tripogandra diuretica,Nome Aceito,Tripogandra diuretica
Anisea cernua,Não Encontrado,Não Encontrado,Não Encontrado,Não Encontrado
Aniseia martinicensis(Jacq.),Não Encontrado,Não Encontrado,Não Encontrado,Não Encontrado
Cressa truxillensis,Nome Aceito,Cressa truxillensis,Nome Aceito,Cressa truxillensis
Evolvulus filipes,Nome Aceito,Evolvulus filipes,Nome Aceito,Evolvulus filipes
Evolvulus nummularius,Nome Aceito,Evolvulus nummularius,Nome Aceito,Evolvulus nummularius
Evolvulus pohlli,Não Encontrado,Não Encontrado,Não Encontrado,Não Encontrado
Ipomoea alba,Nome Aceito,Ipomoea alba,Nome Aceito,Ipomoea alba
Ipomoea aquatica,Nome Aceito,Ipomoea aquatica,Nome Aceito,Ipomoea aquatica
Ipomoea asaralifolia,Não Encontrado,Não Encontrado,Não Encontrado,Não Encontrado
Ipomoea asarifolia (Desr.),Não Encontrado,Não Encontrado,Não Encontrado,Não Encontrado
Ipomoea batatas,Nome Aceito,Ipomoea batatas,Nome Aceito,Ipomoea batatas
Ipomoea cairica,Nome Aceito,Ipomoea cairica,Nome Aceito,Ipomoea cairica
Ipomoea carnea,Nome Aceito,Ipomoea carnea,Nome Aceito,Ipomoea carnea
Ipomoea cynanchifolia,Nome Aceito,Ipomoea cynanchifolia,Nome Aceito,Ipomoea cynanchifolia
Ipomoea fimbriosepala,Nome Aceito,Ipomoea fimbriosepala,Nome Aceito,Ipomoea fimbriosepala
Ipomoea fistulosa,Sinônimo,Ipomoea carnea,Não Encontrado,Não Encontrado,Diferente
Ipomoea indivisa,Nome Aceito,Ipomoea indivisa,Nome Aceito,Ipomoea indivisa
Ipomoea philomega,Nome Aceito,Ipomoea philomega,Nome Aceito,Ipomoea philomega
Ipomoea quamoclit,Nome Aceito,Ipomoea quamoclit,Nome Aceito,Ipomoea quamoclit
Ipomoea setifera,Nome Aceito,Ipomoea setifera,Nome Aceito,Ipomoea setifera
Ipomoea setosa,Nome Aceito,Ipomoea setosa,Não Encontrado,Não Encontrado,Diferente
Ipomoea serpens,Sinônimo,Ipomoea maurandioides,Não Encontrado,Não Encontrado,Diferente
Ipomoea squamosa,Nome Aceito,Ipomoea squamosa,Nome Aceito,Ipomoea squamosa
Ipomoea subrevoluta,Nome Aceito,Ipomoea subrevoluta,Nome Aceito,Ipomoea subrevoluta
Ipomoea wrightii,Nome Aceito,Ipomoea wrightii,Nome Aceito,Ipomoea wrightii
Iseia luxurians,Nome Aceito,Iseia luxurians,Nome Aceito,Iseia luxurians
Jacquemontia heterantha,Nome Aceito,Jacquemontia heterantha,Nome Aceito,Jacquemontia heterantha
Merremia aegyptia,Nome Aceito,Merremia aegyptia,Nome Aceito,Merremia aegyptia
Merremia umbellata,Nome Aceito,Merremia umbellata,Nome Aceito,Merremia umbellata
Operculina hamiltonii,Nome Aceito,Operculina hamiltonii,Nome Aceito,Operculina hamiltonii
Tetralocularia pennellii,Nome Aceito,Tetralocularia pennellii,Nome Aceito,Tetralocularia pennellii
Costus arabicus,Nome Aceito,Costus arabicus,Nome Aceito,Costus arabicus
Costus spirales,Não Encontrado,Não Encontrado,Não Encontrado,Não Encontrado
Crassula peduncularis,Nome Aceito,Crassula peduncularis,Nome Aceito,Crassula peduncularis
Cyclanthera hystrix,Nome Aceito,Cyclanthera hystrix,Nome Aceito,Cyclanthera hystrix
Elaterium amazonicum,Sinônimo,Not Specified,Sinônimo,Rytidostylis amazonica,Diferente
Fevillea trilobata,Nome Aceito,Fevillea trilobata,Nome Aceito,Fevillea trilobata
Gurania bignoniacea,Nome Aceito,Gurania bignoniacea,Nome Aceito,Gurania bignoniacea
Gurania tricuspidata,Nome Aceito,Gurania tricuspidata,Nome Aceito,Gurania tricuspidata
Luffa operculata,Nome Aceito,Luffa operculata,Nome Aceito,Luffa operculata
Momordica charantia,Nome Aceito,Momordica charantia,Nome Aceito,Momordica charantia
Halodule emarginata,Nome Aceito,Halodule emarginata,Nome Aceito,Halodule emarginata
Halodule wrightii,Nome Aceito,Halodule wrightii,Nome Aceito,Halodule wrightii
Abildgaardia ovata,Nome Aceito,Abildgaardia ovata,Sinônimo,Fimbristylis ovata,Diferente
Becquerelia cymosa,Nome Aceito,Becquerelia cymosa,Nome Aceito,Becquerelia cymosa
Becquerelia muricata,Nome Aceito,Becquerelia muricata,Nome Aceito,Becquerelia muricata
Bulbostylis capillaris,Nome Aceito,Bulbostylis capillaris,Nome Aceito,Bulbostylis capillaris
Bulbostylis hirtella,Nome Aceito,Bulbostylis hirtella,Não Encontrado,Não Encontrado,Diferente
Bulbostylis junciformis,Nome Aceito,Bulbostylis junciformis,Nome Aceito,Bulbostylis junciformis
Bulbostylis juncoides,Nome Aceito,Bulbostylis juncoides,Nome Aceito,Bulbostylis juncoides
Bulbostylis sellowiana,Nome Aceito,Bulbostylis sellowiana,Nome Aceito,Bulbostylis sellowiana
Bulbostylis truncata,Nome Aceito,Bulbostylis truncata,Nome Aceito,Bulbostylis truncata
Calyptrocarya longifolia,Sinônimo,Calyptrocarya glomerulata,Não Encontrado,Não Encontrado,Diferente
Carex brasiliensis,Nome Aceito,Carex brasiliensis,Nome Aceito,Carex brasiliensis
Carex pseudocyperus,Nome Aceito,Carex pseudocyperus,Nome Aceito,Carex pseudocyperus
Cladium jamaicense,Sinônimo,Cladium mariscus,Não Encontrado,Não Encontrado,Diferente
Cyperus aggregatus,Nome Aceito,Cyperus aggregatus,Nome Aceito,Cyperus aggregatus
Cyperus amabilis,Nome Aceito,Cyperus amabilis,Nome Aceito,Cyperus amabilis
Cyperus articulatus,Nome Aceito,Cyperus articulatus,Nome Aceito,Cyperus articulatus
Cyperus aristatus,Sinônimo,Cyperus squarrosus,Não Encontrado,Não Encontrado,Diferente
Cyperus barrosianus,Nome Aceito,Cyperus barrosianus,Sinônimo,Pycreus tener,Diferente
Cyperus berroi,Nome Aceito,Cyperus berroi,Nome Aceito,Cyperus berroi
Cyperus brevifolius,Nome Aceito,Cyperus brevifolius,Não Encontrado,Não Encontrado,Diferente
Cyperus cayennensis,Sinônimo,Cyperus aggregatus,Não Encontrado,Não Encontrado,Diferente
Cyperus celluloso-reticulatus,Sinônimo,Cyperus cellulosoreticulatus,Não Encontrado,Não Encontrado,Diferente
Cyperus chalaranthus,Nome Aceito,Cyperus chalaranthus,Nome Aceito,Cyperus chalaranthus
Cyperus compressus,Nome Aceito,Cyperus compressus,Nome Aceito,Cyperus compressus
Cyperus cornelii-ostenii,Nome Aceito,Cyperus cornelii-ostenii,Nome Aceito,Cyperus cornelii-ostenii
Cyperus corymbosus,Nome Aceito,Cyperus corymbosus,Nome Aceito,Cyperus corymbosus
Cyperus cuspidatus,Nome Aceito,Cyperus cuspidatus,Nome Aceito,Cyperus cuspidatus
Cyperus diffusus,Sinônimo,Cyperus laxus,Nome Aceito,Cyperus diffusus,Diferente
Cyperus digitatus,Nome Aceito,Cyperus digitatus,Nome Aceito,Cyperus digitatus
Cyperus distans,Nome Aceito,Cyperus distans,Nome Aceito,Cyperus distans
Cyperus eragrostis,Nome Aceito,Cyperus eragrostis,Nome Aceito,Cyperus eragrostis
Cyperus esculentus,Nome Aceito,Cyperus esculentus,Nome Aceito,Cyperus esculentus
Cyperus fistulosus,Sinônimo,Cyperus articulatus,Sinônimo,Cyperus articulatus
Cyperus gardneri,Nome Aceito,Cyperus gardneri,Nome Aceito,Cyperus gardneri
Cyperus giganteus,Nome Aceito,Cyperus giganteus,Nome Aceito,Cyperus giganteus
Cyperus haspan,Nome Aceito,Cyperus haspan,Nome Aceito,Cyperus haspan
Cyperus hermaphroditus,Nome Aceito,Cyperus hermaphroditus,Nome Aceito,Cyperus hermaphroditus
Cyperus imbricatus,Nome Aceito,Cyperus imbricatus,Nome Aceito,Cyperus imbricatus
Cyperus intricatus,Nome Aceito,Cyperus intricatus,Nome Aceito,Cyperus intricatus
Cyperus involucratus,Sinônimo,Cyperus alternifolius,Nome Aceito,Cyperus involucratus,Diferente
Cyperus iria,Nome Aceito,Cyperus iria,Nome Aceito,Cyperus iria
Cyperus laetus,Sinônimo,Cyperus rigens,Nome Aceito,Cyperus laetus,Diferente
Cyperus lanceolatus,Nome Aceito,Cyperus lanceolatus,Não Encontrado,Não Encontrado,Diferente
Cyperus laxus,Nome Aceito,Cyperus laxus,Nome Aceito,Cyperus laxus
Cyperus ligularis,Nome Aceito,Cyperus ligularis,Nome Aceito,Cyperus ligularis
Cyperus luzulae,Nome Aceito,Cyperus luzulae,Nome Aceito,Cyperus luzulae
Cyperus megapotamicus,Nome Aceito,Cyperus megapotamicus,Não Encontrado,Não Encontrado,Diferente
Cyperus mundtii,Nome Aceito,Cyperus mundtii,Não Encontrado,Não Encontrado,Diferente
Cyperus obtusatus,Nome Aceito,Cyperus obtusatus,Não Encontrado,Não Encontrado,Diferente
Cyperus odoratus,Nome Aceito,Cyperus odoratus,Nome Aceito,Cyperus odoratus
Cyperus papyrus,Nome Aceito,Cyperus papyrus,Nome Aceito,Cyperus papyrus
Cyperus polystachyus,Sinônimo,Cyperus flavescens,Não Encontrado,Não Encontrado,Diferente
Cyperus prolixus,Nome Aceito,Cyperus prolixus,Nome Aceito,Cyperus prolixus
Cyperus reflexus,Nome Aceito,Cyperus reflexus,Nome Aceito,Cyperus reflexus
Cyperus rigens,Nome Aceito,Cyperus rigens,Nome Aceito,Cyperus rigens
Cyperus rotundus,Nome Aceito,Cyperus rotundus,Nome Aceito,Cyperus rotundus
Cyperus sesquiflorus,Nome Aceito,Cyperus sesquiflorus,Não Encontrado,Não Encontrado,Diferente
Cyperus surinamensis,Nome Aceito,Cyperus surinamensis,Nome Aceito,Cyperus surinamensis
Cyperus uncinulatus,Nome Aceito,Cyperus uncinulatus,Nome Aceito,Cyperus uncinulatus
Cyperus virens,Nome Aceito,Cyperus virens,Nome Aceito,Cyperus virens
Dialium guianense,Nome Aceito,Dialium guianense,Nome Aceito,Dialium guianense
Diplacrum longifolium,Sinônimo,Diplacrum capitatum,Não Encontrado,Não Encontrado,Diferente
Eleocharis acutangula,Nome Aceito,Eleocharis acutangula,Nome Aceito,Eleocharis acutangula
Eleocharis atropurpurea,Nome Aceito,Eleocharis atropurpurea,Nome Aceito,Eleocharis atropurpurea
Eleocharis barrosii,Nome Aceito,Eleocharis barrosii,Nome Aceito,Eleocharis barrosii
Eleocharis bonariensis,Nome Aceito,Eleocharis bonariensis,Nome Aceito,Eleocharis bonariensis
Eleocharis capillacea,Nome Aceito,Eleocharis capillacea,Nome Aceito,Eleocharis capillacea
Eleocharis debilis,Nome Aceito,Eleocharis debilis,Nome Aceito,Eleocharis debilis
Eleocharis elata,Sinônimo,Eleocharis plicarhachis,Sinônimo,Eleocharis plicarhachis
Eleocharis elegans,Nome Aceito,Eleocharis elegans,Nome Aceito,Eleocharis elegans
Eleocharis elongata,Nome Aceito,Eleocharis elongata,Nome Aceito,Eleocharis elongata
Eleocharis equisetoides,Não Encontrado,Não Encontrado,Nome Aceito,Eleocharis equisetoides
Eleocharis filiculmis,Nome Aceito,Eleocharis filiculmis,Nome Aceito,Eleocharis filiculmis
Eleocharis fistulosa,Sinônimo,Eleocharis acutangula,Não Encontrado,Não Encontrado,Diferente
Eleocharis flavescens,Nome Aceito,Eleocharis flavescens,Nome Aceito,Eleocharis flavescens
Eleocharis geniculata,Nome Aceito,Eleocharis geniculata,Nome Aceito,Eleocharis geniculata
Eleocharis interstincta,Nome Aceito,Eleocharis interstincta,Nome Aceito,Eleocharis interstincta
Eleocharis maculosa,Nome Aceito,Eleocharis maculosa,Nome Aceito,Eleocharis maculosa
Eleocharis minarum,Nome Aceito,Eleocharis minarum,Nome Aceito,Eleocharis minarum
Eleocharis minima,Nome Aceito,Eleocharis minima,Nome Aceito,Eleocharis minima
Eleocharis montana,Nome Aceito,Eleocharis montana,Nome Aceito,Eleocharis montana
Eleocharis mutata,Nome Aceito,Eleocharis mutata,Nome Aceito,Eleocharis mutata
Eleocharis nana,Nome Aceito,Eleocharis nana,Nome Aceito,Eleocharis nana
Eleocharis nodulosa,Sinônimo,Eleocharis montana,Não Encontrado,Não Encontrado,Diferente
Eleocharis nudipes,Nome Aceito,Eleocharis nudipes,Nome Aceito,Eleocharis nudipes
Eleocharis radicans,Nome Aceito,Eleocharis radicans,Sinônimo,Eleocharis exigua,Diferente
Eleocharis retroflexa,Nome Aceito,Eleocharis retroflexa,Nome Aceito,Eleocharis retroflexa
Eleocharis sellowiana,Nome Aceito,Eleocharis sellowiana,Nome Aceito,Eleocharis sellowiana
Eleocharis subarticulata,Nome Aceito,Eleocharis subarticulata,Nome Aceito,Eleocharis subarticulata
Eleocharis umbellata,Não Encontrado,Não Encontrado,Não Encontrado,Não Encontrado
Fimbristylis aestivalis,Nome Aceito,Fimbristylis aestivalis,Nome Aceito,Fimbristylis aestivalis
Fimbristylis autumnalis,Nome Aceito,Fimbristylis autumnalis,Nome Aceito,Fimbristylis autumnalis
Fimbristylis complanata,Nome Aceito,Fimbristylis complanata,Nome Aceito,Fimbristylis complanata
Fimbristylis cymosa,Nome Aceito,Fimbristylis cymosa,Nome Aceito,Fimbristylis cymosa
Fimbristylis dichotoma,Nome Aceito,Fimbristylis dichotoma,Nome Aceito,Fimbristylis dichotoma
Fimbristylis diphylla,Sinônimo,Fimbristylis dichotoma,Não Encontrado,Não Encontrado,Diferente
Fimbristylis miliacea,Nome Aceito,Fimbristylis miliacea,Não Encontrado,Não Encontrado,Diferente
Fimbristylis spadicea,Nome Aceito,Fimbristylis spadicea,Nome Aceito,Fimbristylis spadicea
Fimbristylis squarrosa,Nome Aceito,Fimbristylis squarrosa,Nome Aceito,Fimbristylis squarrosa
Fuirena incompleta,Nome Aceito,Fuirena incompleta,Nome Aceito,Fuirena incompleta
Fuirena robusta,Nome Aceito,Fuirena robusta,Nome Aceito,Fuirena robusta
Fuirena umbellata,Nome Aceito,Fuirena umbellata,Nome Aceito,Fuirena umbellata
Hyparrhenia rufa,Nome Aceito,Hyparrhenia rufa,Nome Aceito,Hyparrhenia rufa
Kyllinga odorata,Sinônimo,Cyperus sesquiflorus,Nome Aceito,Kyllinga odorata,Diferente
Kyllinga pumila,Sinônimo,Cyperus hortensis,Nome Aceito,Kyllinga pumila,Diferente
Lipocarpha humboldtiana,Sinônimo,Cyperus sellowianus,Sinônimo,Lipocarpha chinensis,Diferente
Lipocarpha micrantha,Sinônimo,Cyperus subsquarrosus,Nome Aceito,Lipocarpha micrantha,Diferente
Lipocarpha salzmanniana,Sinônimo,Cyperus salzmannianus,Nome Aceito,Lipocarpha salzmanniana,Diferente
Lipocarpha sellowiana,Sinônimo,Cyperus sellowianus,Sinônimo,Lipocarpha maculata,Diferente
Oxycaryum cubense (Poepp.,Não Encontrado,Não Encontrado,Não Encontrado,Não Encontrado
Pycreus flavescens,Sinônimo,Cyperus flavescens,Nome Aceito,Pycreus flavescens,Diferente
Pycreus macrostachyos,Sinônimo,Cyperus macrostachyos,Nome Aceito,Pycreus macrostachyos,Diferente
Pycreus polystachyos,Sinônimo,Cyperus polystachyos,Nome Aceito,Pycreus polystachyos,Diferente
Rhynchospora barbata,Nome Aceito,Rhynchospora barbata,Nome Aceito,Rhynchospora barbata
Rhynchospora brittonii,Nome Aceito,Rhynchospora brittonii,Nome Aceito,Rhynchospora brittonii
Rhynchospora cephalotes,Nome Aceito,Rhynchospora cephalotes,Nome Aceito,Rhynchospora cephalotes
Rhynchospora contracta,Nome Aceito,Rhynchospora contracta,Nome Aceito,Rhynchospora contracta
Rhynchospora corymbosa,Nome Aceito,Rhynchospora corymbosa,Nome Aceito,Rhynchospora corymbosa
Rhynchospora cyperoides,Sinônimo,Rhynchospora holoschoenoides,Não Encontrado,Não Encontrado,Diferente
Rhynchospora gigantea,Nome Aceito,Rhynchospora gigantea,Nome Aceito,Rhynchospora gigantea
Rhynchospora holoschoenoides,Nome Aceito,Rhynchospora holoschoenoides,Nome Aceito,Rhynchospora holoschoenoides
Rhynchospora marisculus,Nome Aceito,Rhynchospora marisculus,Nome Aceito,Rhynchospora marisculus
Rhynchospora nervosa,Nome Aceito,Rhynchospora nervosa,Nome Aceito,Rhynchospora nervosa
Rhynchospora pubera,Nome Aceito,Rhynchospora pubera,Nome Aceito,Rhynchospora pubera
Rhynchospora riparia,Nome Aceito,Rhynchospora riparia,Nome Aceito,Rhynchospora riparia
Rhynchospora schomburgkiana,Nome Aceito,Rhynchospora schomburgkiana,Nome Aceito,Rhynchospora schomburgkiana
Rhynchospora subplumosa,Nome Aceito,Rhynchospora subplumosa,Nome Aceito,Rhynchospora subplumosa
Rhynchospora tenerrima,Nome Aceito,Rhynchospora tenerrima,Nome Aceito,Rhynchospora tenerrima
Rhynchospora tenuis,Nome Aceito,Rhynchospora tenuis,Nome Aceito,Rhynchospora tenuis
Rhynchospora trispicata,Nome Aceito,Rhynchospora trispicata,Nome Aceito,Rhynchospora trispicata
Rhynchospora velutina,Nome Aceito,Rhynchospora velutina,Nome Aceito,Rhynchospora velutina
Schoenoplectus californicus,Nome Aceito,Schoenoplectus californicus,Nome Aceito,Schoenoplectus californicus
Scirpus americanus,Não Encontrado,Não Encontrado,Não Encontrado,Não Encontrado
Scirpus californicus,Sinônimo,Schoenoplectus californicus,Não Encontrado,Não Encontrado,Diferente
Scirpus cubensis,Sinônimo,Not Specified,Não Encontrado,Não Encontrado,Diferente
Scirpus giganteus,Sinônimo,Androtrichum trigynum,Sinônimo,Androtrichum giganteum,Diferente
Scirpus maritimus,Sinônimo,Bolboschoenus robustus,Não Encontrado,Não Encontrado,Diferente
Scirpus submersus,Sinônimo,Eleocharis confervoides,Sinônimo,Eleocharis confervoides
Scleria bracteata,Nome Aceito,Scleria bracteata,Nome Aceito,Scleria bracteata
Scleria distans,Nome Aceito,Scleria distans,Nome Aceito,Scleria distans
Scleria hirtella,Nome Aceito,Scleria hirtella,Nome Aceito,Scleria hirtella
Scleria melaleuca,Sinônimo,Scleria gaertneri,Sinônimo,Scleria gaertneri
Scleria microcarpa,Nome Aceito,Scleria microcarpa,Nome Aceito,Scleria microcarpa
Scleria mitis,Nome Aceito,Scleria mitis,Nome Aceito,Scleria mitis
Scleria pterota,Sinônimo,Scleria gaertneri,Não Encontrado,Não Encontrado,Diferente
Scleria secans,Nome Aceito,Scleria secans,Nome Aceito,Scleria secans
Scleria soronia,Não Encontrado,Não Encontrado,Não Encontrado,Não Encontrado
Websteria confervoides,Sinônimo,Eleocharis confervoides,Sinônimo,Eleocharis confervoides
Dioscorea marginata,Nome Aceito,Dioscorea marginata,Nome Aceito,Dioscorea marginata
Drosera communis,Nome Aceito,Drosera communis,Nome Aceito,Drosera communis
Drosera intermedia,Nome Aceito,Drosera intermedia,Nome Aceito,Drosera intermedia
Elatine lindbergii,Nome Aceito,Elatine lindbergii,Nome Aceito,Elatine lindbergii
Equisetum giganteum,Nome Aceito,Equisetum giganteum,Nome Aceito,Equisetum giganteum
Equisetum hyemale,Não Encontrado,Não Encontrado,Nome Aceito,Equisetum hyemale
Agarista chlorantha,Nome Aceito,Agarista chlorantha,Nome Aceito,Agarista chlorantha
Gaylussacia brasiliensis,Nome Aceito,Gaylussacia brasiliensis,Nome Aceito,Gaylussacia brasiliensis
Eriocaulon angustifolium,Sinônimo,Eriocaulon aquatile,Nome Aceito,Eriocaulon angustifolium,Diferente
Eriocaulon aquatile,Nome Aceito,Eriocaulon aquatile,Nome Aceito,Eriocaulon aquatile
Eriocaulon humboldtii,Nome Aceito,Eriocaulon humboldtii,Nome Aceito,Eriocaulon humboldtii
Eriocaulon magnificum,Nome Aceito,Eriocaulon magnificum,Nome Aceito,Eriocaulon magnificum
Eriocaulon modestum,Nome Aceito,Eriocaulon modestum,Nome Aceito,Eriocaulon modestum
Eriocaulon obtusum,Nome Aceito,Eriocaulon obtusum,Nome Aceito,Eriocaulon obtusum
Eriocaulon setaceum,Nome Aceito,Eriocaulon setaceum,Nome Aceito,Eriocaulon setaceum
Leiothrix pilulifera,Nome Aceito,Leiothrix pilulifera,Nome Aceito,Leiothrix pilulifera
Leiothrix rufula,Nome Aceito,Leiothrix rufula,Nome Aceito,Leiothrix rufula
Paepalanthus bifidus,Nome Aceito,Paepalanthus bifidus,Nome Aceito,Paepalanthus bifidus
Paepalanthus lamarckii,Nome Aceito,Paepalanthus lamarckii,Nome Aceito,Paepalanthus lamarckii
Paepalanthus planifolius,Nome Aceito,Paepalanthus planifolius,Nome Aceito,Paepalanthus planifolius
Paepalanthus tortilis,Nome Aceito,Paepalanthus tortilis,Nome Aceito,Paepalanthus tortilis
Syngonanthus anomalus,Nome Aceito,Syngonanthus anomalus,Nome Aceito,Syngonanthus anomalus
Syngonanthus caulescens,Nome Aceito,Syngonanthus caulescens,Nome Aceito,Syngonanthus caulescens
Syngonanthus chrysanthus,Nome Aceito,Syngonanthus chrysanthus,Nome Aceito,Syngonanthus chrysanthus
Syngonanthus glandulosus,Sinônimo,Syngonanthus caulescens,Não Encontrado,Não Encontrado,Diferente
Syngonanthus gracilis,Nome Aceito,Syngonanthus gracilis,Nome Aceito,Syngonanthus gracilis
Syngonanthus oblongus,Nome Aceito,Syngonanthus oblongus,Nome Aceito,Syngonanthus oblongus
Syngonanthus xeranthemoides,Sinônimo,Comanthera xeranthemoides,Não Encontrado,Não Encontrado,Diferente
Tonina fluviatilis,Nome Aceito,Tonina fluviatilis,Nome Aceito,Tonina fluviatilis
Acalypha arvensis,Nome Aceito,Acalypha arvensis,Não Encontrado,Não Encontrado,Diferente
Acalypha poiretii,Nome Aceito,Acalypha poiretii,Nome Aceito,Acalypha poiretii
Argythamnia heteropetala,Sinônimo,Caperonia heteropetala,Sinônimo,Caperonia heteropetala
Astraea lobata,Nome Aceito,Astraea lobata,Nome Aceito,Astraea lobata
Caperonia castaneifolia,Nome Aceito,Caperonia castaneifolia,Nome Aceito,Caperonia castaneifolia
Caperonia histrix,Não Encontrado,Não Encontrado,Não Encontrado,Não Encontrado
Caperonia palustris,Nome Aceito,Caperonia palustris,Nome Aceito,Caperonia palustris
Croton trinitatis,Nome Aceito,Croton trinitatis,Nome Aceito,Croton trinitatis
Dalechampia scandens,Nome Aceito,Dalechampia scandens,Nome Aceito,Dalechampia scandens
Dalechampia tiliifolia,Nome Aceito,Dalechampia tiliifolia,Nome Aceito,Dalechampia tiliifolia
Euphorbia hirta L.,Não Encontrado,Não Encontrado,Não Encontrado,Não Encontrado
Euphorbia hyssopifolia L.,Não Encontrado,Não Encontrado,Não Encontrado,Não Encontrado
Euphorbia prostrata,Nome Aceito,Euphorbia prostrata,Nome Aceito,Euphorbia prostrata
Euphorbia thymifolia,Nome Aceito,Euphorbia thymifolia,Nome Aceito,Euphorbia thymifolia
Sapium glandulatum,Sinônimo,Sapium glandulosum,Sinônimo,Sapium glandulosum
Sesbania schottiana,Não Encontrado,Não Encontrado,Não Encontrado,Não Encontrado
Tonina fluviatilis,Nome Aceito,Tonina fluviatilis,Nome Aceito,Tonina fluviatilis
Adesmia latifolia,Nome Aceito,Adesmia latifolia,Nome Aceito,Adesmia latifolia
Aeschynomene americana,Nome Aceito,Aeschynomene americana,Nome Aceito,Aeschynomene americana
Aeschynomene ciliata,Nome Aceito,Aeschynomene ciliata,Nome Aceito,Aeschynomene ciliata
Aeschynomene denticulata,Nome Aceito,Aeschynomene denticulata,Nome Aceito,Aeschynomene denticulata
Aeschynomene evenia,Nome Aceito,Aeschynomene evenia,Nome Aceito,Aeschynomene evenia
Aeschynomene filosa,Nome Aceito,Aeschynomene filosa,Nome Aceito,Aeschynomene filosa
Aeschynomene fluminensis,Nome Aceito,Aeschynomene fluminensis,Nome Aceito,Aeschynomene fluminensis
Aeschynomene indica,Não Encontrado,Não Encontrado,Nome Aceito,Aeschynomene indica
Aeschynomene mollicula,Nome Aceito,Aeschynomene mollicula,Nome Aceito,Aeschynomene mollicula
Aeschynomene montevidensis,Nome Aceito,Aeschynomene montevidensis,Nome Aceito,Aeschynomene montevidensis
Aeschynomene paniculata,Nome Aceito,Aeschynomene paniculata,Nome Aceito,Aeschynomene paniculata
Aeschynomene rudis,Nome Aceito,Aeschynomene rudis,Nome Aceito,Aeschynomene rudis
Aeschynomene scabra,Nome Aceito,Aeschynomene scabra,Nome Aceito,Aeschynomene scabra
Aeschynomene sensitiva,Nome Aceito,Aeschynomene sensitiva,Nome Aceito,Aeschynomene sensitiva
"""Aeschynomene virginica",Não Encontrado,Não Encontrado,Não Encontrado,Não Encontrado
Anadenanthera colubrina,Nome Aceito,Anadenanthera colubrina,Nome Aceito,Anadenanthera colubrina
Calopogonium mucunoides,Nome Aceito,Calopogonium mucunoides,Nome Aceito,Calopogonium mucunoides
Centrosema brasilianum,Nome Aceito,Centrosema brasilianum,Nome Aceito,Centrosema brasilianum
Centrosema pubescens,Nome Aceito,Centrosema pubescens,Nome Aceito,Centrosema pubescens
Chamaecrista calycioides,Nome Aceito,Chamaecrista calycioides,Nome Aceito,Chamaecrista calycioides
Chamaecrista diphylla,Nome Aceito,Chamaecrista diphylla,Nome Aceito,Chamaecrista diphylla
Chamaecrista hispidula,Nome Aceito,Chamaecrista hispidula,Nome Aceito,Chamaecrista hispidula
Chamaecrista nictitans,Nome Aceito,Chamaecrista nictitans,Nome Aceito,Chamaecrista nictitans
Chamaecrista repens,Nome Aceito,Chamaecrista repens,Nome Aceito,Chamaecrista repens
Clitoria falcata,Nome Aceito,Clitoria falcata,Nome Aceito,Clitoria falcata
Clitoria guianensis,Nome Aceito,Clitoria guianensis,Nome Aceito,Clitoria guianensis
Clitoria laurifolia,Nome Aceito,Clitoria laurifolia,Nome Aceito,Clitoria laurifolia
Collaea speciosa,Nome Aceito,Collaea speciosa,Nome Aceito,Collaea speciosa
Crotalaria brevifolia,Não Encontrado,Não Encontrado,Não Encontrado,Não Encontrado
Crotalaria micans,Nome Aceito,Crotalaria micans,Nome Aceito,Crotalaria micans
Crotalaria nitens,Nome Aceito,Crotalaria nitens,Nome Aceito,Crotalaria nitens
Crotalaria pallida,Nome Aceito,Crotalaria pallida,Nome Aceito,Crotalaria pallida
Crotalaria pilosa,Nome Aceito,Crotalaria pilosa,Nome Aceito,Crotalaria pilosa
Crotalaria sagittalis,Nome Aceito,Crotalaria sagittalis,Nome Aceito,Crotalaria sagittalis
Cymbosema roseum,Nome Aceito,Cymbosema roseum,Nome Aceito,Cymbosema roseum
Dalbergia ecastophyllum,Não Encontrado,Não Encontrado,Sinônimo,Dalbergia ecastaphyllum
Desmodium adscendens,Nome Aceito,Desmodium adscendens,Nome Aceito,Desmodium adscendens
Desmodium barbatum,Nome Aceito,Desmodium barbatum,Nome Aceito,Desmodium barbatum
Desmodium incanum,Nome Aceito,Desmodium incanum,Nome Aceito,Desmodium incanum
Desmodium tortuosum,Nome Aceito,Desmodium tortuosum,Nome Aceito,Desmodium tortuosum
Dioclea grandiflora,Nome Aceito,Dioclea grandiflora,Nome Aceito,Dioclea grandiflora
Dioclea guianensis,Nome Aceito,Dioclea guianensis,Nome Aceito,Dioclea guianensis
Discolobium leptophyllum,Nome Aceito,Discolobium leptophyllum,Nome Aceito,Discolobium leptophyllum
Discolobium psoraliaefolium,Não Encontrado,Não Encontrado,Não Encontrado,Não Encontrado
Discolobium pulchellum,Nome Aceito,Discolobium pulchellum,Nome Aceito,Discolobium pulchellum
Eriosema simplicifolium,Nome Aceito,Eriosema simplicifolium,Nome Aceito,Eriosema simplicifolium
Erythrina crista-galli,Nome Aceito,Erythrina crista-galli,Nome Aceito,Erythrina crista-galli
Indigofera hirsuta,Nome Aceito,Indigofera hirsuta,Nome Aceito,Indigofera hirsuta
Indigofera lespedezioides,Nome Aceito,Indigofera lespedezioides,Nome Aceito,Indigofera lespedezioides
Indigofera sabulicola,Nome Aceito,Indigofera sabulicola,Sinônimo,Indigofera microcarpa,Diferente
Inga affinis,Sinônimo,Inga vera,Nome Aceito,Inga affinis,Diferente
Inga marginata,Nome Aceito,Inga marginata,Sinônimo,Inga semialata,Diferente
Inga sessilis,Nome Aceito,Inga sessilis,Nome Aceito,Inga sessilis
Inga uruguensis,Sinônimo,Inga vera,Nome Aceito,Inga uruguensis,Diferente
Lonchocarpus sericeus,Nome Aceito,Lonchocarpus sericeus,Nome Aceito,Lonchocarpus sericeus
Macrolobium multijugum,Nome Aceito,Macrolobium multijugum,Nome Aceito,Macrolobium multijugum
Macroptilium gracile,Nome Aceito,Macroptilium gracile,Nome Aceito,Macroptilium gracile
Macroptilium lathyroides,Nome Aceito,Macroptilium lathyroides,Nome Aceito,Macroptilium lathyroides
Mimosa bimucronata,Nome Aceito,Mimosa bimucronata,Nome Aceito,Mimosa bimucronata
Mimosa debilis,Nome Aceito,Mimosa debilis,Nome Aceito,Mimosa debilis
Mimosa dormiens,Nome Aceito,Mimosa dormiens,Nome Aceito,Mimosa dormiens
Mimosa invisa,Nome Aceito,Mimosa invisa,Nome Aceito,Mimosa invisa
Mimosa pellita,Nome Aceito,Mimosa pellita,Nome Aceito,Mimosa pellita
Mimosa pigra,Nome Aceito,Mimosa pigra,Nome Aceito,Mimosa pigra
Mimosa pudica,Nome Aceito,Mimosa pudica,Nome Aceito,Mimosa pudica
Mimosa setosa,Nome Aceito,Mimosa setosa,Nome Aceito,Mimosa setosa
Neptunia oleracea,Nome Aceito,Neptunia oleracea,Nome Aceito,Neptunia oleracea
Neptunia plena (L.),Não Encontrado,Não Encontrado,Não Encontrado,Não Encontrado
Neptunia prostrata,Sinônimo,Neptunia oleracea,Sinônimo,Neptunia oleracea
Rhynchosia minima,Nome Aceito,Rhynchosia minima,Nome Aceito,Rhynchosia minima
Senna corymbosa,Nome Aceito,Senna corymbosa,Nome Aceito,Senna corymbosa
Senna obtusifolia (L.),Não Encontrado,Não Encontrado,Não Encontrado,Não Encontrado
Senna occidentalis,Nome Aceito,Senna occidentalis,Nome Aceito,Senna occidentalis
Senna reticulata,Nome Aceito,Senna reticulata,Nome Aceito,Senna reticulata
Senna uniflora,Nome Aceito,Senna uniflora,Nome Aceito,Senna uniflora
Sesbania exasperata,Nome Aceito,Sesbania exasperata,Nome Aceito,Sesbania exasperata
Sesbania punicea,Nome Aceito,Sesbania punicea,Nome Aceito,Sesbania punicea
Stylosanthes angustifolia,Nome Aceito,Stylosanthes angustifolia,Nome Aceito,Stylosanthes angustifolia
Stylosanthes gracilis,Nome Aceito,Stylosanthes gracilis,Não Encontrado,Não Encontrado,Diferente
Stylosanthes guianensis,Nome Aceito,Stylosanthes guianensis,Nome Aceito,Stylosanthes guianensis
Stylosanthes scabra Vogel,Não Encontrado,Não Encontrado,Não Encontrado,Não Encontrado
Stylosanthes viscosa,Nome Aceito,Stylosanthes viscosa,Nome Aceito,Stylosanthes viscosa
Tephrosia purpurea,Sinônimo,Tephrosia domingensis,Nome Aceito,Tephrosia purpurea,Diferente
Teramnus volubilis,Nome Aceito,Teramnus volubilis,Nome Aceito,Teramnus volubilis
Vachellia farnesiana,Nome Aceito,Vachellia farnesiana,Não Encontrado,Não Encontrado,Diferente
Vigna juruana,Nome Aceito,Vigna juruana,Nome Aceito,Vigna juruana
Vigna lasiocarpa,Nome Aceito,Vigna lasiocarpa,Nome Aceito,Vigna lasiocarpa
Vigna longifolia,Nome Aceito,Vigna longifolia,Nome Aceito,Vigna longifolia
Vigna luteola,Nome Aceito,Vigna luteola,Nome Aceito,Vigna luteola
Zornia guanipensis,Nome Aceito,Zornia guanipensis,Sinônimo,Zornia marajoara,Diferente
Zornia latifolia,Nome Aceito,Zornia latifolia,Nome Aceito,Zornia latifolia
Coutoubea ramosa,Nome Aceito,Coutoubea ramosa,Nome Aceito,Coutoubea ramosa
Coutoubea spicata Aubl.,Não Encontrado,Não Encontrado,Não Encontrado,Não Encontrado
Curtia tenuifolia,Nome Aceito,Curtia tenuifolia,Nome Aceito,Curtia tenuifolia
Irlbachia alata,Sinônimo,Chelonanthus alatus,Não Encontrado,Não Encontrado,Diferente
Irlbachia purpurascens,Sinônimo,Chelonanthus purpurascens,Sinônimo,Chelonanthus purpurascens
Schultesia benthamiana,Nome Aceito,Schultesia benthamiana,Nome Aceito,Schultesia benthamiana
Schultesia brachyptera,Nome Aceito,Schultesia brachyptera,Nome Aceito,Schultesia brachyptera
Schultesia gracilis Mart.,Não Encontrado,Não Encontrado,Não Encontrado,Não Encontrado
Schultesia guianensis,Nome Aceito,Schultesia guianensis,Nome Aceito,Schultesia guianensis
Schultesia optera,Não Encontrado,Não Encontrado,Não Encontrado,Não Encontrado
Drymonia coccinea,Nome Aceito,Drymonia coccinea,Nome Aceito,Drymonia coccinea
Sinningia elatior,Nome Aceito,Sinningia elatior,Nome Aceito,Sinningia elatior
Schiekia orinocensis,Nome Aceito,Schiekia orinocensis,Nome Aceito,Schiekia orinocensis
Laurembergia tetrandra,Nome Aceito,Laurembergia tetrandra,Nome Aceito,Laurembergia tetrandra
Myriophyllum aquaticum,Nome Aceito,Myriophyllum aquaticum,Nome Aceito,Myriophyllum aquaticum
Myriophyllum elatinoides,Sinônimo,Myriophyllum quitense,Não Encontrado,Não Encontrado,Diferente
Proserpinaca palustris,Nome Aceito,Proserpinaca palustris,Nome Aceito,Proserpinaca palustris
Heliconia marginata,Nome Aceito,Heliconia marginata,Nome Aceito,Heliconia marginata
Heliconia psittacorum,Nome Aceito,Heliconia psittacorum,Nome Aceito,Heliconia psittacorum
Apalanthe granatensis,Nome Aceito,Apalanthe granatensis,Sinônimo,Elodea granatensis,Diferente
Egeria densa,Nome Aceito,Egeria densa,Nome Aceito,Egeria densa
Egeria najas,Nome Aceito,Egeria najas,Nome Aceito,Egeria najas
Elodea canadensis,Nome Aceito,Elodea canadensis,Nome Aceito,Elodea canadensis
Halophila decipiens,Nome Aceito,Halophila decipiens,Nome Aceito,Halophila decipiens
Hydrilla verticillata,Não Encontrado,Não Encontrado,Nome Aceito,Hydrilla verticillata
Limnobium laevigatum,Nome Aceito,Limnobium laevigatum,Nome Aceito,Limnobium laevigatum
Najas argurta,Não Encontrado,Não Encontrado,Não Encontrado,Não Encontrado
Najas conferta,Nome Aceito,Najas conferta,Nome Aceito,Najas conferta
Najas guadalupensis,Nome Aceito,Najas guadalupensis,Nome Aceito,Najas guadalupensis
Najas marina,Nome Aceito,Najas marina,Nome Aceito,Najas marina
Najas microcarpa,Nome Aceito,Najas microcarpa,Não Encontrado,Não Encontrado,Diferente
Najas microdon,Sinônimo,Najas guadalupensis,Não Encontrado,Não Encontrado,Diferente
Ottelia brasiliensis,Nome Aceito,Ottelia brasiliensis,Nome Aceito,Ottelia brasiliensis
Hydrolea elatior,Nome Aceito,Hydrolea elatior,Nome Aceito,Hydrolea elatior
Hydrolea spinosa,Nome Aceito,Hydrolea spinosa,Nome Aceito,Hydrolea spinosa
Hypericum brasiliense,Nome Aceito,Hypericum brasiliense,Nome Aceito,Hypericum brasiliense
Hypericum mutilum,Nome Aceito,Hypericum mutilum,Nome Aceito,Hypericum mutilum
Vismia cayennensis,Nome Aceito,Vismia cayennensis,Nome Aceito,Vismia cayennensis
Curculigo scorzonerifolia,Nome Aceito,Curculigo scorzonerifolia,Nome Aceito,Curculigo scorzonerifolia
Hypoxis decumbens,Nome Aceito,Hypoxis decumbens,Nome Aceito,Hypoxis decumbens
Cipura paludosa,Nome Aceito,Cipura paludosa,Nome Aceito,Cipura paludosa
Sisyrinchium micranthum,Nome Aceito,Sisyrinchium micranthum,Nome Aceito,Sisyrinchium micranthum
Sisyrinchium vaginatum,Nome Aceito,Sisyrinchium vaginatum,Nome Aceito,Sisyrinchium vaginatum
Isoetes brasiliensis,Nome Aceito,Isoetes brasiliensis,Não Encontrado,Não Encontrado,Diferente
