Dicliptera ciliaris,NOME_ACEITO,
Dyschoriste maranhonis,NOME_ACEITO,
Hygrophila costata,NOME_ACEITO,
Hygrophila guianensis,NOME_ACEITO,
Justicia comata,NOME_ACEITO,
Justicia aequilabris,NOME_ACEITO,
Justicia laevilinguis,NOME_ACEITO,
Nelsonia brunelloides,SINONIMO,Nelsonia brunelloides
Ruellia bahiensis,NOME_ACEITO,
Ruellia paniculata,NOME_ACEITO,
Sesuvium portulacastrum,NOME_ACEITO,
Echinodorus andrieuxii,SINONIMO,Echinodorus andrieuxii
Echinodorus argentinensis,SINONIMO,Echinodorus argentinensis
Echinodorus aschersonianus,NOME_ACEITO,
Echinodorus bolivianus,SINONIMO,Echinodorus bolivianus
Echinodorus floribundus,NOME_ACEITO,
Echinodorus glandulosus,NOME_ACEITO,
Echinodorus grandiflorus,NOME_ACEITO,
Echinodorus grisebachii,NOME_ACEITO,
Echinodorus lanceolatus,NOME_ACEITO,
Echinodorus longipetalus,NOME_ACEITO,
Echinodorus longiscapus,NOME_ACEITO,
Echinodorus macrophyllus,NOME_ACEITO,
Echinodorus palaefolius,NOME_ACEITO,
Echinodorus paniculatus,NOME_ACEITO,
Echinodorus pubescens,NOME_ACEITO,
Echinodorus reticulatus,NOME_ACEITO,
Echinodorus scaber,NOME_ACEITO,
Echinodorus subalatus,NOME_ACEITO,
Echinodorus tenellus,SINONIMO,Echinodorus tenellus
Echinodorus teretoscapus,SINONIMO,Echinodorus teretoscapus
Helanthium tenellum,NOME_ACEITO,
Hydrocleys martii,NOME_ACEITO,
Hydrocleys nymphoides,NOME_ACEITO,
Hydrocleys parviflora,NOME_ACEITO,
Limnocharis flava,NOME_ACEITO,
Limnocharis laforestii,SINONIMO,Limnocharis laforestii
Sagittaria guayanensis,NOME_ACEITO,
Sagittaria lancifolia,NOME_ACEITO,
Sagittaria montevidensis,NOME_ACEITO,
Sagittaria planitiana,NOME_ACEITO,
Sagittaria rhombifolia,NOME_ACEITO,
Sagittaria sprucei,NOME_ACEITO,
Alstroemeria isabellana,,
Alternanthera aquatica,NOME_ACEITO,
Alternanthera brasiliana,NOME_ACEITO,
Alternanthera paronychioides,NOME_ACEITO,
Alternanthera philoxeroides,NOME_ACEITO,
Alternanthera pilosa,NOME_ACEITO,
Alternanthera tenella,NOME_ACEITO,
Amaranthus spinosus,NOME_ACEITO,
Amaranthus viridis,NOME_ACEITO,
Blutaparon portulacoides,NOME_ACEITO,
Chamissoa altissima,NOME_ACEITO,
Chenopodium ambrosioides,SINONIMO,Chenopodium ambrosioides
Gomphrena demissa,NOME_ACEITO,
Gomphrena elegans,NOME_ACEITO,
Hebanthe paniculata,SINONIMO,Hebanthe paniculata
Pfaffia glomerata,NOME_ACEITO,
Pfaffia pulverulenta,SINONIMO,Pfaffia pulverulenta
Salicornia gaudichaudiana,SINONIMO,Salicornia gaudichaudiana
Crinum americanum,NOME_ACEITO,
Centella asiatica,NOME_ACEITO,
Eryngium ebracteatum,NOME_ACEITO,
Eryngium eburneum,NOME_ACEITO,
Eryngium ekmanii,NOME_ACEITO,
Eryngium pandanifolium,NOME_ACEITO,
Hydrocotyle ranunculoides,NOME_ACEITO,
Hydrocotyle verticillata,NOME_ACEITO,
Lilaeopsis attenuata,NOME_ACEITO,
Lilaeopsis brasiliensis,NOME_ACEITO,
Lilaeopsis carolinensis,NOME_ACEITO,
Lilaeopsis tenuis,NOME_ACEITO,
Allamanda cathartica,NOME_ACEITO,
Allamanda nobilis,NOME_ACEITO,
Ditassa hastata,NOME_ACEITO,
Mandevilla clandestina,NOME_ACEITO,
Mandevilla hirsuta,NOME_ACEITO,
Mandevilla tenuifolia,NOME_ACEITO,
Odontadenia nitida,NOME_ACEITO,
Oxypetalum pachyglossum,NOME_ACEITO,
Oxypetalum tubatum,NOME_ACEITO,
Rhabdadenia biflora,NOME_ACEITO,
Rhabdadenia madida,NOME_ACEITO,
Dracontium longipes,NOME_ACEITO,
Landoltia punctata,NOME_ACEITO,
Lemna aequinoctialis,NOME_ACEITO,
Lemna gibba,NOME_ACEITO,
Lemna minuta,NOME_ACEITO,
Lemna valdiviana,NOME_ACEITO,
Montrichardia arborescens,NOME_ACEITO,
Philodendron brasiliense,NOME_ACEITO,
Philodendron rudgeanum,NOME_ACEITO,
Spirodela intermedia,NOME_ACEITO,
Urospatha sagittifolia,NOME_ACEITO,
Wolffia arrhiza,NOME_ACEITO,
Wolffia brasiliensis,NOME_ACEITO,
Wolffia columbiana,NOME_ACEITO,
Wolffiella lingulata,NOME_ACEITO,
Wolffiella welwitschii,NOME_ACEITO,
Hydrocotyle bonariensis,NOME_ACEITO,
Hydrocotyle leucocephala,NOME_ACEITO,
Hydrocotyle ranunculoides,NOME_ACEITO,
Hydrocotyle verticillata,NOME_ACEITO,
Bactris maraja,NOME_ACEITO,
Mauritia carana,NOME_ACEITO,
Mauritiella armata,NOME_ACEITO,
Aristolochia macroura,SINONIMO,Aristolochia macroura
Acanthospermum australe,NOME_ACEITO,
Acanthospermum hispidum,NOME_ACEITO,
Achyrocline alata,NOME_ACEITO,
Acmella uliginosa,NOME_ACEITO,
Adenostemma brasilianum,NOME_ACEITO,
Ageratum conyzoides,NOME_ACEITO,
Aster squamatus,SINONIMO,Aster squamatus
Baccharis microcephala,NOME_ACEITO,
Baccharis penningtonii,NOME_ACEITO,
Baccharis spicata,NOME_ACEITO,
Baccharis usterii,SINONIMO,Baccharis usterii
Barrosoa betonicaeformis,NOME_ACEITO,
Bidens laevis,NOME_ACEITO,
Blainvillea dichotoma,NOME_ACEITO,
Centratherum punctatum,NOME_ACEITO,
Calea marginata,NOME_ACEITO,
Campuloclinium purpurascens,NOME_ACEITO,
Chaptalia graminifolia,NOME_ACEITO,
Chrysolaena platensis,NOME_ACEITO,
Conyza bonariensis,NOME_ACEITO,
Conyza sumatrensis,NOME_ACEITO,
Cotula coronopifolia,NOME_ACEITO,
Delilia biflora,NOME_ACEITO,
Eclipta megapotamica,NOME_ACEITO,
Eclipta prostrata,NOME_ACEITO,
Egletes viscosa,NOME_ACEITO,
Elephantopus mollis,NOME_ACEITO,
Emilia coccinea,SINONIMO,Emilia coccinea
Emilia sonchifolia,NOME_ACEITO,
Enydra anagallis,NOME_ACEITO,
Enydra radicans,NOME_ACEITO,
Erechtites hieracifolius,NOME_ACEITO,
Erechtites valerianifolius,NOME_ACEITO,
Eupatorium candolleanum,SINONIMO,Eupatorium candolleanum
Gamochaeta americana,NOME_ACEITO,
Grazielia intermedia,NOME_ACEITO,
Gymnocoronis spilanthoides,NOME_ACEITO,
Jaegeria hirta,NOME_ACEITO,
Jungia floribunda,NOME_ACEITO,
Lepidaploa chalybaea,NOME_ACEITO,
Lessingianthus glabratus,NOME_ACEITO,
Mikania congesta,NOME_ACEITO,
Mikania cordifolia,NOME_ACEITO,
Mikania micrantha,NOME_ACEITO,
Mikania periplocifolia,NOME_ACEITO,
Pacourina edulis,NOME_ACEITO,
Picrosia longifolia,NOME_ACEITO,
Pluchea sagittalis,NOME_ACEITO,
Praxelis sanctopaulensis,NOME_ACEITO,
Pterocaulon balansae,NOME_ACEITO,
Richterago radiata,NOME_ACEITO,
Rolandra fruticosa,NOME_ACEITO,
Senecio bonariensis,NOME_ACEITO,
Senecio erisithalifolius,NOME_ACEITO,
Senecio icoglossus,NOME_ACEITO,
Senecio tweediei,NOME_ACEITO,
Sonchus oleraceus,NOME_ACEITO,
Sphagneticola trilobata,NOME_ACEITO,
Synedrella nodiflora,NOME_ACEITO,
Tilesia baccata,NOME_ACEITO,
Trichospira verticillata,NOME_ACEITO,
Vernonanthura beyrichii,NOME_ACEITO,
Vernonanthura brasiliana,NOME_ACEITO,
Vernonia scorpioides,SINONIMO,Vernonia scorpioides
Wedelia alagoensis,SINONIMO,Wedelia alagoensis
Wedelia calycina,NOME_ACEITO,
Begonia cucullata,NOME_ACEITO,
Begonia hirtella,NOME_ACEITO,
Begonia reniformis,NOME_ACEITO,
Pleonotoma clematis,NOME_ACEITO,
Tanaecium pyramidatum,NOME_ACEITO,
Tynanthus polyanthus,NOME_ACEITO,
Cordia curassavica,SINONIMO,Cordia curassavica
Cordia multispicata,SINONIMO,Cordia multispicata
Cordia superba,NOME_ACEITO,
Cordia tetrandra,NOME_ACEITO,
Euploca procumbens,NOME_ACEITO,
Heliotropium angiospermum,NOME_ACEITO,
Heliotropium elongatum,NOME_ACEITO,
Heliotropium indicum,NOME_ACEITO,
Heliotropium procumbens,SINONIMO,Heliotropium procumbens
Tournefortia bicolor,NOME_ACEITO,
Cardamine bonariensis,NOME_ACEITO,
Burmannia australis,NOME_ACEITO,
Burmannia capitata,NOME_ACEITO,
Burmannia flava,NOME_ACEITO,
Cabomba aquatica,NOME_ACEITO,
Cabomba caroliniana,NOME_ACEITO,
Cabomba furcata,NOME_ACEITO,
Cabomba haynesii,NOME_ACEITO,
Centropogon cornutus,NOME_ACEITO,
Lobelia anceps,NOME_ACEITO,
Lobelia aquatica,NOME_ACEITO,
Lobelia camporum,NOME_ACEITO,
Lobelia exaltata,NOME_ACEITO,
Lobelia fistulosa,NOME_ACEITO,
Lobelia nummularioides,NOME_ACEITO,
Lobelia xalapensis,NOME_ACEITO,
Pratia hederacea,SINONIMO,Pratia hederacea
Canna indica,NOME_ACEITO,
Canna glauca,NOME_ACEITO,
Aneilema umbrosum,NOME_ACEITO,
Commelina erecta,NOME_ACEITO,
Commelina nudiflora,SINONIMO,Commelina nudiflora
Commelina schomburgkiana,SINONIMO,Commelina schomburgkiana
Dichorisandra hexandra,NOME_ACEITO,
Floscopa glabrata,NOME_ACEITO,
Tripogandra diuretica,NOME_ACEITO,
Cressa truxillensis,NOME_ACEITO,
Evolvulus filipes,NOME_ACEITO,
Evolvulus nummularius,NOME_ACEITO,
Ipomoea alba,NOME_ACEITO,
Ipomoea aquatica,NOME_ACEITO,
Ipomoea batatas,NOME_ACEITO,
Ipomoea cairica,NOME_ACEITO,
Ipomoea carnea,NOME_ACEITO,
Ipomoea cynanchifolia,NOME_ACEITO,
Ipomoea fimbriosepala,NOME_ACEITO,
Ipomoea fistulosa,SINONIMO,Ipomoea fistulosa
Ipomoea indivisa,NOME_ACEITO,
Ipomoea philomega,NOME_ACEITO,
Ipomoea quamoclit,NOME_ACEITO,
Ipomoea setifera,NOME_ACEITO,
Ipomoea setosa,NOME_ACEITO,
Ipomoea serpens,SINONIMO,Ipomoea serpens
Ipomoea squamosa,NOME_ACEITO,
Ipomoea subrevoluta,NOME_ACEITO,
Ipomoea wrightii,NOME_ACEITO,
Iseia luxurians,NOME_ACEITO,
Jacquemontia heterantha,NOME_ACEITO,
Merremia aegyptia,NOME_ACEITO,
Merremia umbellata,NOME_ACEITO,
Operculina hamiltonii,NOME_ACEITO,
Tetralocularia pennellii,NOME_ACEITO,
Costus arabicus,NOME_ACEITO,
Crassula peduncularis,NOME_ACEITO,
Cyclanthera hystrix,NOME_ACEITO,
Elaterium amazonicum,SINONIMO,Elaterium amazonicum
Fevillea trilobata,NOME_ACEITO,
Gurania bignoniacea,NOME_ACEITO,
Gurania tricuspidata,NOME_ACEITO,
Luffa operculata,NOME_ACEITO,
Momordica charantia,NOME_ACEITO,
Halodule emarginata,NOME_ACEITO,
Halodule wrightii,NOME_ACEITO,
Abildgaardia ovata,NOME_ACEITO,
Becquerelia cymosa,NOME_ACEITO,
Becquerelia muricata,NOME_ACEITO,
Bulbostylis capillaris,NOME_ACEITO,
Bulbostylis hirtella,NOME_ACEITO,
Bulbostylis junciformis,NOME_ACEITO,
Bulbostylis juncoides,NOME_ACEITO,
Bulbostylis sellowiana,NOME_ACEITO,
Bulbostylis truncata,NOME_ACEITO,
Calyptrocarya longifolia,SINONIMO,Calyptrocarya longifolia
Carex brasiliensis,NOME_ACEITO,
Carex pseudocyperus,NOME_ACEITO,
Cladium jamaicense,SINONIMO,Cladium jamaicense
Cyperus aggregatus,NOME_ACEITO,
Cyperus amabilis,NOME_ACEITO,
Cyperus articulatus,NOME_ACEITO,
Cyperus aristatus,SINONIMO,Cyperus aristatus
Cyperus barrosianus,NOME_ACEITO,
Cyperus berroi,NOME_ACEITO,
Cyperus brevifolius,NOME_ACEITO,
Cyperus cayennensis,SINONIMO,Cyperus cayennensis
Cyperus celluloso-reticulatus,SINONIMO,Cyperus celluloso-reticulatus
Cyperus chalaranthus,NOME_ACEITO,
Cyperus compressus,NOME_ACEITO,
Cyperus cornelii-ostenii,NOME_ACEITO,
Cyperus corymbosus,NOME_ACEITO,
Cyperus cuspidatus,NOME_ACEITO,
Cyperus diffusus,SINONIMO,Cyperus diffusus
Cyperus digitatus,NOME_ACEITO,
Cyperus distans,NOME_ACEITO,
Cyperus eragrostis,NOME_ACEITO,
Cyperus esculentus,NOME_ACEITO,
Cyperus fistulosus,SINONIMO,Cyperus fistulosus
Cyperus gardneri,NOME_ACEITO,
Cyperus giganteus,NOME_ACEITO,
Cyperus haspan,NOME_ACEITO,
Cyperus hermaphroditus,NOME_ACEITO,
Cyperus imbricatus,NOME_ACEITO,
Cyperus intricatus,NOME_ACEITO,
Cyperus involucratus,SINONIMO,Cyperus involucratus
Cyperus iria,NOME_ACEITO,
Cyperus laetus,SINONIMO,Cyperus laetus
Cyperus lanceolatus,NOME_ACEITO,
Cyperus laxus,NOME_ACEITO,
Cyperus ligularis,NOME_ACEITO,
Cyperus luzulae,NOME_ACEITO,
Cyperus megapotamicus,NOME_ACEITO,
Cyperus mundtii,NOME_ACEITO,
Cyperus obtusatus,NOME_ACEITO,
Cyperus odoratus,NOME_ACEITO,
Cyperus papyrus,NOME_ACEITO,
Cyperus polystachyus,SINONIMO,Cyperus polystachyus
Cyperus prolixus,NOME_ACEITO,
Cyperus reflexus,NOME_ACEITO,
Cyperus rigens,NOME_ACEITO,
Cyperus rotundus,NOME_ACEITO,
Cyperus sesquiflorus,NOME_ACEITO,
Cyperus surinamensis,NOME_ACEITO,
Cyperus uncinulatus,NOME_ACEITO,
Cyperus virens,NOME_ACEITO,
Dialium guianense,NOME_ACEITO,
Diplacrum longifolium,SINONIMO,Diplacrum longifolium
Eleocharis acutangula,NOME_ACEITO,
Eleocharis atropurpurea,NOME_ACEITO,
Eleocharis barrosii,NOME_ACEITO,
Eleocharis bonariensis,NOME_ACEITO,
Eleocharis capillacea,NOME_ACEITO,
Eleocharis debilis,NOME_ACEITO,
Eleocharis elata,SINONIMO,Eleocharis elata
Eleocharis elegans,NOME_ACEITO,
Eleocharis elongata,NOME_ACEITO,
Eleocharis filiculmis,NOME_ACEITO,
Eleocharis fistulosa,SINONIMO,Eleocharis fistulosa
Eleocharis flavescens,NOME_ACEITO,
Eleocharis geniculata,NOME_ACEITO,
Eleocharis interstincta,NOME_ACEITO,
Eleocharis maculosa,NOME_ACEITO,
Eleocharis minarum,NOME_ACEITO,
Eleocharis minima,NOME_ACEITO,
Eleocharis montana,NOME_ACEITO,
Eleocharis mutata,NOME_ACEITO,
Eleocharis nana,NOME_ACEITO,
Eleocharis nodulosa,SINONIMO,Eleocharis nodulosa
Eleocharis nudipes,NOME_ACEITO,
Eleocharis radicans,NOME_ACEITO,
Eleocharis retroflexa,NOME_ACEITO,
Eleocharis sellowiana,NOME_ACEITO,
Eleocharis subarticulata,NOME_ACEITO,
Fimbristylis aestivalis,NOME_ACEITO,
Fimbristylis autumnalis,NOME_ACEITO,
Fimbristylis complanata,NOME_ACEITO,
Fimbristylis cymosa,NOME_ACEITO,
Fimbristylis dichotoma,NOME_ACEITO,
Fimbristylis diphylla,SINONIMO,Fimbristylis diphylla
Fimbristylis miliacea,NOME_ACEITO,
Fimbristylis spadicea,NOME_ACEITO,
Fimbristylis squarrosa,NOME_ACEITO,
Fuirena incompleta,NOME_ACEITO,
Fuirena robusta,NOME_ACEITO,
Fuirena umbellata,NOME_ACEITO,
Hyparrhenia rufa,NOME_ACEITO,
Kyllinga odorata,SINONIMO,Kyllinga odorata
Kyllinga pumila,SINONIMO,Kyllinga pumila
Lipocarpha humboldtiana,SINONIMO,Lipocarpha humboldtiana
Lipocarpha micrantha,SINONIMO,Lipocarpha micrantha
Lipocarpha salzmanniana,SINONIMO,Lipocarpha salzmanniana
Lipocarpha sellowiana,SINONIMO,Lipocarpha sellowiana
Pycreus flavescens,SINONIMO,Pycreus flavescens
Pycreus macrostachyos,SINONIMO,Pycreus macrostachyos
Pycreus polystachyos,SINONIMO,Pycreus polystachyos
Rhynchospora barbata,NOME_ACEITO,
Rhynchospora brittonii,NOME_ACEITO,
Rhynchospora cephalotes,NOME_ACEITO,
Rhynchospora contracta,NOME_ACEITO,
Rhynchospora corymbosa,NOME_ACEITO,
Rhynchospora cyperoides,SINONIMO,Rhynchospora cyperoides
Rhynchospora gigantea,NOME_ACEITO,
Rhynchospora holoschoenoides,NOME_ACEITO,
Rhynchospora marisculus,NOME_ACEITO,
Rhynchospora nervosa,NOME_ACEITO,
Rhynchospora pubera,NOME_ACEITO,
Rhynchospora riparia,NOME_ACEITO,
Rhynchospora schomburgkiana,NOME_ACEITO,
Rhynchospora subplumosa,NOME_ACEITO,
Rhynchospora tenerrima,NOME_ACEITO,
Rhynchospora tenuis,NOME_ACEITO,
Rhynchospora trispicata,NOME_ACEITO,
Rhynchospora velutina,NOME_ACEITO,
Schoenoplectus californicus,NOME_ACEITO,
Scirpus californicus,SINONIMO,Scirpus californicus
Scirpus cubensis,SINONIMO,Scirpus cubensis
Scirpus giganteus,SINONIMO,Scirpus giganteus
Scirpus maritimus,SINONIMO,Scirpus maritimus
Scirpus submersus,SINONIMO,Scirpus submersus
Scleria bracteata,NOME_ACEITO,
Scleria distans,NOME_ACEITO,
Scleria hirtella,NOME_ACEITO,
Scleria melaleuca,SINONIMO,Scleria melaleuca
Scleria microcarpa,NOME_ACEITO,
Scleria mitis,NOME_ACEITO,
Scleria pterota,SINONIMO,Scleria pterota
Scleria secans,NOME_ACEITO,
Websteria confervoides,SINONIMO,Websteria confervoides
Dioscorea marginata,NOME_ACEITO,
Drosera communis,NOME_ACEITO,
Drosera intermedia,NOME_ACEITO,
Elatine lindbergii,NOME_ACEITO,
Equisetum giganteum,NOME_ACEITO,
Agarista chlorantha,NOME_ACEITO,
Gaylussacia brasiliensis,NOME_ACEITO,
Eriocaulon angustifolium,SINONIMO,Eriocaulon angustifolium
Eriocaulon aquatile,NOME_ACEITO,
Eriocaulon humboldtii,NOME_ACEITO,
Eriocaulon magnificum,NOME_ACEITO,
Eriocaulon modestum,NOME_ACEITO,
Eriocaulon obtusum,NOME_ACEITO,
Eriocaulon setaceum,NOME_ACEITO,
Leiothrix pilulifera,NOME_ACEITO,
Leiothrix rufula,NOME_ACEITO,
Paepalanthus bifidus,NOME_ACEITO,
Paepalanthus lamarckii,NOME_ACEITO,
Paepalanthus planifolius,NOME_ACEITO,
Paepalanthus tortilis,NOME_ACEITO,
Syngonanthus anomalus,NOME_ACEITO,
Syngonanthus caulescens,NOME_ACEITO,
Syngonanthus chrysanthus,NOME_ACEITO,
Syngonanthus glandulosus,SINONIMO,Syngonanthus glandulosus
Syngonanthus gracilis,NOME_ACEITO,
Syngonanthus oblongus,NOME_ACEITO,
Syngonanthus xeranthemoides,SINONIMO,Syngonanthus xeranthemoides
Tonina fluviatilis,NOME_ACEITO,
Acalypha arvensis,NOME_ACEITO,
Acalypha poiretii,NOME_ACEITO,
Argythamnia heteropetala,SINONIMO,Argythamnia heteropetala
Astraea lobata,NOME_ACEITO,
Caperonia castaneifolia,NOME_ACEITO,
Caperonia palustris,NOME_ACEITO,
Croton trinitatis,NOME_ACEITO,
Dalechampia scandens,NOME_ACEITO,
Dalechampia tiliifolia,NOME_ACEITO,
Euphorbia prostrata,NOME_ACEITO,
Euphorbia thymifolia,NOME_ACEITO,
Sapium glandulatum,SINONIMO,Sapium glandulatum
Tonina fluviatilis,NOME_ACEITO,
Adesmia latifolia,NOME_ACEITO,
Aeschynomene americana,NOME_ACEITO,
Aeschynomene ciliata,NOME_ACEITO,
Aeschynomene denticulata,NOME_ACEITO,
Aeschynomene evenia,NOME_ACEITO,
Aeschynomene filosa,NOME_ACEITO,
Aeschynomene fluminensis,NOME_ACEITO,
Aeschynomene mollicula,NOME_ACEITO,
Aeschynomene montevidensis,NOME_ACEITO,
Aeschynomene paniculata,NOME_ACEITO,
Aeschynomene rudis,NOME_ACEITO,
Aeschynomene scabra,NOME_ACEITO,
Aeschynomene sensitiva,NOME_ACEITO,
Anadenanthera colubrina,NOME_ACEITO,
Calopogonium mucunoides,NOME_ACEITO,
Centrosema brasilianum,NOME_ACEITO,
Centrosema pubescens,NOME_ACEITO,
Chamaecrista calycioides,NOME_ACEITO,
Chamaecrista diphylla,NOME_ACEITO,
Chamaecrista hispidula,NOME_ACEITO,
Chamaecrista nictitans,NOME_ACEITO,
Chamaecrista repens,NOME_ACEITO,
Clitoria falcata,NOME_ACEITO,
Clitoria guianensis,NOME_ACEITO,
Clitoria laurifolia,NOME_ACEITO,
Collaea speciosa,NOME_ACEITO,
Crotalaria micans,NOME_ACEITO,
Crotalaria nitens,NOME_ACEITO,
Crotalaria pallida,NOME_ACEITO,
Crotalaria pilosa,NOME_ACEITO,
Crotalaria sagittalis,NOME_ACEITO,
Cymbosema roseum,NOME_ACEITO,
Desmodium adscendens,NOME_ACEITO,
Desmodium barbatum,NOME_ACEITO,
Desmodium incanum,NOME_ACEITO,
Desmodium tortuosum,NOME_ACEITO,
Dioclea grandiflora,NOME_ACEITO,
Dioclea guianensis,NOME_ACEITO,
Discolobium leptophyllum,NOME_ACEITO,
Discolobium pulchellum,NOME_ACEITO,
Eriosema simplicifolium,NOME_ACEITO,
Erythrina crista-galli,NOME_ACEITO,
Indigofera hirsuta,NOME_ACEITO,
Indigofera lespedezioides,NOME_ACEITO,
Indigofera sabulicola,NOME_ACEITO,
Inga affinis,SINONIMO,Inga affinis
Inga marginata,NOME_ACEITO,
Inga sessilis,NOME_ACEITO,
Inga uruguensis,SINONIMO,Inga uruguensis
Lonchocarpus sericeus,NOME_ACEITO,
Macrolobium multijugum,NOME_ACEITO,
Macroptilium gracile,NOME_ACEITO,
Macroptilium lathyroides,NOME_ACEITO,
Mimosa bimucronata,NOME_ACEITO,
Mimosa debilis,NOME_ACEITO,
Mimosa dormiens,NOME_ACEITO,
Mimosa invisa,NOME_ACEITO,
Mimosa pellita,NOME_ACEITO,
Mimosa pigra,NOME_ACEITO,
Mimosa pudica,NOME_ACEITO,
Mimosa setosa,NOME_ACEITO,
Neptunia oleracea,NOME_ACEITO,
Neptunia prostrata,SINONIMO,Neptunia prostrata
Rhynchosia minima,NOME_ACEITO,
Senna corymbosa,NOME_ACEITO,
Senna occidentalis,NOME_ACEITO,
Senna reticulata,NOME_ACEITO,
Senna uniflora,NOME_ACEITO,
Sesbania exasperata,NOME_ACEITO,
Sesbania punicea,NOME_ACEITO,
Stylosanthes angustifolia,NOME_ACEITO,
Stylosanthes gracilis,NOME_ACEITO,
Stylosanthes guianensis,NOME_ACEITO,
Stylosanthes viscosa,NOME_ACEITO,
Tephrosia purpurea,SINONIMO,Tephrosia purpurea
Teramnus volubilis,NOME_ACEITO,
Vachellia farnesiana,NOME_ACEITO,
Vigna juruana,NOME_ACEITO,
Vigna lasiocarpa,NOME_ACEITO,
Vigna longifolia,NOME_ACEITO,
Vigna luteola,NOME_ACEITO,
Zornia guanipensis,NOME_ACEITO,
Zornia latifolia,NOME_ACEITO,
Coutoubea ramosa,NOME_ACEITO,
Curtia tenuifolia,NOME_ACEITO,
Irlbachia alata,SINONIMO,Irlbachia alata
Irlbachia purpurascens,SINONIMO,Irlbachia purpurascens
Schultesia benthamiana,NOME_ACEITO,
Schultesia brachyptera,NOME_ACEITO,
Schultesia guianensis,NOME_ACEITO,
Drymonia coccinea,NOME_ACEITO,
Sinningia elatior,NOME_ACEITO,
Schiekia orinocensis,NOME_ACEITO,
Laurembergia tetrandra,NOME_ACEITO,
Myriophyllum aquaticum,NOME_ACEITO,
Myriophyllum elatinoides,SINONIMO,Myriophyllum elatinoides
Proserpinaca palustris,NOME_ACEITO,
Heliconia marginata,NOME_ACEITO,
Heliconia psittacorum,NOME_ACEITO,
Apalanthe granatensis,NOME_ACEITO,
Egeria densa,NOME_ACEITO,
Egeria najas,NOME_ACEITO,
Elodea canadensis,NOME_ACEITO,
Halophila decipiens,NOME_ACEITO,
Limnobium laevigatum,NOME_ACEITO,
Najas conferta,NOME_ACEITO,
Najas guadalupensis,NOME_ACEITO,
Najas marina,NOME_ACEITO,
Najas microcarpa,NOME_ACEITO,
Najas microdon,SINONIMO,Najas microdon
Ottelia brasiliensis,NOME_ACEITO,
Hydrolea elatior,NOME_ACEITO,
Hydrolea spinosa,NOME_ACEITO,
Hypericum brasiliense,NOME_ACEITO,
Hypericum mutilum,NOME_ACEITO,
Vismia cayennensis,NOME_ACEITO,
Curculigo scorzonerifolia,NOME_ACEITO,
Hypoxis decumbens,NOME_ACEITO,
Cipura paludosa,NOME_ACEITO,
Sisyrinchium micranthum,NOME_ACEITO,
Sisyrinchium vaginatum,NOME_ACEITO,
Isoetes brasiliensis,NOME_ACEITO,
Juncus acutus,NOME_ACEITO,
Juncus bufonius,NOME_ACEITO,
Juncus capillaceus,NOME_ACEITO,
Juncus densiflorus,NOME_ACEITO,
Juncus dichotomus,SINONIMO,Juncus dichotomus
Juncus dombeyanus,SINONIMO,Juncus dombeyanus
Juncus effusus,NOME_ACEITO,
Juncus marginatus,NOME_ACEITO,
Juncus microcephalus,NOME_ACEITO,
Juncus sellowianus,SINONIMO,Juncus sellowianus
Juncus scirpoides,NOME_ACEITO,
Lilaea scilloides,NOME_ACEITO,
Triglochin striata,NOME_ACEITO,
Hyptis atrorubens,NOME_ACEITO,
Hyptis brevipes,NOME_ACEITO,
Hyptis caespitosa,NOME_ACEITO,
Hyptis dilatata,NOME_ACEITO,
Hyptis fasciculata,SINONIMO,Hyptis fasciculata
Hyptis lacustris,NOME_ACEITO,
Hyptis lagenaria,NOME_ACEITO,
Hyptis lappacea,NOME_ACEITO,
Hyptis lorentziana,NOME_ACEITO,
Hyptis mutabilis,SINONIMO,Hyptis mutabilis
Hyptis parkeri,NOME_ACEITO,
Hyptis recurvata,NOME_ACEITO,
Hyptis spicigera,SINONIMO,Hyptis spicigera
Hyptis suaveolens,SINONIMO,Hyptis suaveolens
Hyptis tetracephala,NOME_ACEITO,
Marsypianthes chamaedrys,NOME_ACEITO,
Ocimum campechianum,NOME_ACEITO,
Prunella vulgaris,NOME_ACEITO,
Salvia arenaria,NOME_ACEITO,
Salvia scabrida,NOME_ACEITO,
Vitex cymosa,NOME_ACEITO,
Vitex megapotamica,NOME_ACEITO,
Cassytha filiformis,NOME_ACEITO,
Genlisea filiformis,NOME_ACEITO,
Utricularia adpressa,NOME_ACEITO,
Utricularia breviscapa,NOME_ACEITO,
Utricularia erectiflora,NOME_ACEITO,
Utricularia fimbriata,NOME_ACEITO,
Utricularia foliosa,NOME_ACEITO,
Utricularia gibba,NOME_ACEITO,
Utricularia guyanensis,NOME_ACEITO,
Utricularia hydrocarpa,NOME_ACEITO,
Utricularia inflata,SINONIMO,Utricularia inflata
Utricularia juncea,NOME_ACEITO,
Utricularia laciniata,NOME_ACEITO,
Utricularia laxa,NOME_ACEITO,
Utricularia myriocista,NOME_ACEITO,
Utricularia nana,NOME_ACEITO,
Utricularia neottioides,NOME_ACEITO,
Utricularia nervosa,NOME_ACEITO,
Utricularia nigrescens,NOME_ACEITO,
Utricularia olivacea,NOME_ACEITO,
Utricularia physoceras,NOME_ACEITO,
Utricularia praelonga,NOME_ACEITO,
Utricularia poconensis,NOME_ACEITO,
Utricularia pusilla,NOME_ACEITO,
Utricularia reniformis,NOME_ACEITO,
Utricularia simulans,NOME_ACEITO,
Utricularia subulata,NOME_ACEITO,
Utricularia trichophylla,NOME_ACEITO,
Utricularia tricolor,NOME_ACEITO,
Utricularia triloba,NOME_ACEITO,
Utricularia warmingii,NOME_ACEITO,
Lindernia crustacea,NOME_ACEITO,
Lindernia diffusa,NOME_ACEITO,
Lindernia microcalyx,SINONIMO,Lindernia microcalyx
Lindernia rotundifolia,NOME_ACEITO,
Torenia thouarsii,NOME_ACEITO,
Spigelia anthelmia,NOME_ACEITO,
Ammannia auriculata,NOME_ACEITO,
Ammannia latifolia,NOME_ACEITO,
Cuphea antisyphilitica,NOME_ACEITO,
Cuphea arenarioides,NOME_ACEITO,
Cuphea campestris,NOME_ACEITO,
Cuphea carthagenensis,NOME_ACEITO,
Cuphea circaeoides,NOME_ACEITO,
Cuphea fruticosa,NOME_ACEITO,
Cuphea ingrata,NOME_ACEITO,
Cuphea melvilla,NOME_ACEITO,
Cuphea racemosa,NOME_ACEITO,
Cuphea repens,NOME_ACEITO,
Cuphea sessiliflora,NOME_ACEITO,
Heimia myrtifolia,SINONIMO,Heimia myrtifolia
Lythrum hyssopifolia,NOME_ACEITO,
Pleurophora anomala,NOME_ACEITO,
Rotala mexicana,NOME_ACEITO,
Rotala rotundifolia,NOME_ACEITO,
Byrsonima intermedia,NOME_ACEITO,
Byttneria genistella,NOME_ACEITO,
Byttneria palustris,NOME_ACEITO,
Byttneria ramosissima,NOME_ACEITO,
Byttneria scabra,NOME_ACEITO,
Corchorus argutus,NOME_ACEITO,
Corchorus hirtus,NOME_ACEITO,
Helicteres guazumifolia,NOME_ACEITO,
Hibiscus bifurcatus,NOME_ACEITO,
Hibiscus dimidiatus,NOME_ACEITO,
Hibiscus diversifolius,NOME_ACEITO,
Hibiscus furcellatus,NOME_ACEITO,
Hibiscus sororius,NOME_ACEITO,
Malachra radiata,NOME_ACEITO,
Melochia arenosa,NOME_ACEITO,
Melochia graminifolia,NOME_ACEITO,
Melochia hirsuta,SINONIMO,Melochia hirsuta
Melochia simplex,NOME_ACEITO,
Melochia spicata,SINONIMO,Melochia spicata
Monteiroa ptarmicifolia,NOME_ACEITO,
Pavonia angustifolia,NOME_ACEITO,
Pavonia cancellata,NOME_ACEITO,
Pavonia grandiflora,NOME_ACEITO,
Pavonia laetevirens,NOME_ACEITO,
Sida acuta,NOME_ACEITO,
Sida anomala,NOME_ACEITO,
Sida galheirensis,NOME_ACEITO,
Sida rhombifolia,NOME_ACEITO,
Sida setosa,NOME_ACEITO,
Sida spinosa,NOME_ACEITO,
Sidastrum multiflorum,NOME_ACEITO,
Triumfetta althaeoides,NOME_ACEITO,
Urena lobata,NOME_ACEITO,
Waltheria americana,SINONIMO,Waltheria americana
Waltheria indica,NOME_ACEITO,
Calathea capitata,SINONIMO,Calathea capitata
Calathea comosa,SINONIMO,Calathea comosa
Calathea lanata,SINONIMO,Calathea lanata
Calathea loeseneri,SINONIMO,Calathea loeseneri
Calathea micans,SINONIMO,Calathea micans
Ischnosiphon polyphyllus,NOME_ACEITO,
Thalia multiflora,NOME_ACEITO,
Thalia geniculata,NOME_ACEITO,
Mayaca fluviatilis,NOME_ACEITO,
Mayaca kunthii,NOME_ACEITO,
Mayaca longipes,NOME_ACEITO,
Mayaca sellowiana,NOME_ACEITO,
Aciotis acuminifolia,NOME_ACEITO,
Aciotis ornata,NOME_ACEITO,
Acisanthera alsinaefolia,NOME_ACEITO,
Acisanthera fluitans,SINONIMO,Acisanthera fluitans
Acisanthera limnobios,SINONIMO,Acisanthera limnobios
Acisanthera variabilis,NOME_ACEITO,
Cambessedesia hilariana,NOME_ACEITO,
Clidemia capitellata,NOME_ACEITO,
Clidemia hirta,NOME_ACEITO,
Comolia villosa,NOME_ACEITO,
Leandra multiplinervis,NOME_ACEITO,
Miconia chamissois,NOME_ACEITO,
Microlepis oleifolia,SINONIMO,Microlepis oleifolia
Microlicia myrtoidea,NOME_ACEITO,
Pterolepis glomerata,NOME_ACEITO,
Pterolepis repanda,NOME_ACEITO,
Rhynchanthera cordata,NOME_ACEITO,
Rhynchanthera dichotoma,NOME_ACEITO,
Rhynchanthera grandiflora,NOME_ACEITO,
Rhynchanthera hispida,NOME_ACEITO,
Rhynchanthera novemnervia,NOME_ACEITO,
Rhynchanthera serrulata,NOME_ACEITO,
Rhynchanthera verbenoides,NOME_ACEITO,
Tibouchina aspera,NOME_ACEITO,
Tibouchina asperior,SINONIMO,Tibouchina asperior
Tibouchina cerastifolia,NOME_ACEITO,
Tibouchina cisplatensis,NOME_ACEITO,
Tibouchina gracilis,SINONIMO,Tibouchina gracilis
Tibouchina herbacea,NOME_ACEITO,
Tibouchina sebastianopolitana,NOME_ACEITO,
Tibouchina semidecandra,SINONIMO,Tibouchina semidecandra
Tibouchina trichopoda,SINONIMO,Tibouchina trichopoda
Tibouchina urceolaris,SINONIMO,Tibouchina urceolaris
Cissampelos andromorpha,NOME_ACEITO,
Cissampelos glaberrima,NOME_ACEITO,
Odontocarya arifolia,SINONIMO,Odontocarya arifolia
Odontocarya tamoides,NOME_ACEITO,
Nymphoides grayana,NOME_ACEITO,
Nymphoides humboldtiana,NOME_ACEITO,
Glinus radiatus,NOME_ACEITO,
Mollugo verticillata,NOME_ACEITO,
Psidium acutangulum,NOME_ACEITO,
Psidium cattleianum,NOME_ACEITO,
Nymphaea ampla,NOME_ACEITO,
Nymphaea belophylla,NOME_ACEITO,
Nymphaea caerulea,NOME_ACEITO,
Nymphaea capensis,NOME_ACEITO,
Nymphaea gardneriana,NOME_ACEITO,
Nymphaea jamesoniana,NOME_ACEITO,
Nymphaea lasiophylla,NOME_ACEITO,
Nymphaea lingulata,NOME_ACEITO,
Nymphaea lotus,NOME_ACEITO,
Nymphaea mexicana,NOME_ACEITO,
Nymphaea odorata,NOME_ACEITO,
Nymphaea oxypetala,NOME_ACEITO,
Nymphaea prolifera,NOME_ACEITO,
Nymphaea pulchella,NOME_ACEITO,
Nymphaea rubra,NOME_ACEITO,
Nymphaea rudgeana,NOME_ACEITO,
Victoria amazonica,NOME_ACEITO,
Sauvagesia erecta,NOME_ACEITO,
Sauvagesia racemosa,NOME_ACEITO,
Sauvagesia rubiginosa,NOME_ACEITO,
Sauvagesia sprengelii,NOME_ACEITO,
Ludwigia affinis,NOME_ACEITO,
Ludwigia caparosa,NOME_ACEITO,
Ludwigia decurrens,NOME_ACEITO,
Ludwigia densiflora,NOME_ACEITO,
Ludwigia elegans,NOME_ACEITO,
Ludwigia erecta,NOME_ACEITO,
Ludwigia filiformis,NOME_ACEITO,
Ludwigia grandiflora,NOME_ACEITO,
Ludwigia helminthorrhiza,NOME_ACEITO,
Ludwigia hexapetala,NOME_ACEITO,
Ludwigia hyssopifolia,NOME_ACEITO,
Ludwigia inclinata,NOME_ACEITO,
Ludwigia irwinii,NOME_ACEITO,
Ludwigia lagunae,NOME_ACEITO,
Ludwigia leptocarpa,NOME_ACEITO,
Ludwigia longifolia,NOME_ACEITO,
Ludwigia major,NOME_ACEITO,
Ludwigia multinervia,NOME_ACEITO,
Ludwigia nervosa,NOME_ACEITO,
Ludwigia octovalvis,NOME_ACEITO,
Ludwigia peploides,NOME_ACEITO,
Ludwigia peruviana,NOME_ACEITO,
Ludwigia rigida,NOME_ACEITO,
Ludwigia sericea,NOME_ACEITO,
Ludwigia tomentosa,NOME_ACEITO,
Ludwigia torulosa,NOME_ACEITO,
Ludwigia uruguayensis,SINONIMO,Ludwigia uruguayensis
Cleistes gracilis,NOME_ACEITO,
Cyrtopodium paludicolum,NOME_ACEITO,
Epidendrum dendrobioides,NOME_ACEITO,
Erythrodes pumila,SINONIMO,Erythrodes pumila
Eulophia alta,NOME_ACEITO,
Habenaria aricaensis,NOME_ACEITO,
Habenaria brachyphyton,SINONIMO,Habenaria brachyphyton
Habenaria bractescens,NOME_ACEITO,
Habenaria inconspicua,NOME_ACEITO,
Habenaria johannensis,NOME_ACEITO,
Habenaria nabucoi,NOME_ACEITO,
Habenaria nuda,NOME_ACEITO,
Habenaria parviflora,NOME_ACEITO,
Habenaria pratensis,NOME_ACEITO,
Habenaria repens,NOME_ACEITO,
Habenaria riedelii,SINONIMO,Habenaria riedelii
Habenaria vaupellii,SINONIMO,Habenaria vaupellii
Buchnera palustris,NOME_ACEITO,
Buchnera rosea,NOME_ACEITO,
Melasma melampyroides,NOME_ACEITO,
Oxalis barrelieri,NOME_ACEITO,
Passiflora vespertilio,NOME_ACEITO,
Piriqueta cistoides,NOME_ACEITO,
Piriqueta racemosa,NOME_ACEITO,
Turnera scabra,NOME_ACEITO,
Phyllanthus fluitans,NOME_ACEITO,
Phyllanthus niruri,NOME_ACEITO,
Phyllanthus sellowianus,NOME_ACEITO,
Phyllanthus stipulatus,NOME_ACEITO,
Phytolacca thyrsiflora,NOME_ACEITO,
Piper caldense,NOME_ACEITO,
Piper fuligineum,NOME_ACEITO,
Achetaria ocymoides,NOME_ACEITO,
Angelonia gardneri,SINONIMO,Angelonia gardneri
Bacopa aquatica,NOME_ACEITO,
Bacopa arenaria,NOME_ACEITO,
Bacopa egensis,NOME_ACEITO,
Bacopa lanigera,NOME_ACEITO,
Bacopa monnieri,NOME_ACEITO,
Bacopa rotundifolia,NOME_ACEITO,
Bacopa salzmannii,NOME_ACEITO,
Bacopa serpylloides,SINONIMO,Bacopa serpylloides
Bacopa stricta,NOME_ACEITO,
Callitriche deflexa,NOME_ACEITO,
Callitriche rimosa,NOME_ACEITO,
Conobea aquatica,NOME_ACEITO,
Gratiola peruviana,NOME_ACEITO,
Mecardonia serpylloides,NOME_ACEITO,
Micranthemum umbrosum,NOME_ACEITO,
Plantago australis,NOME_ACEITO,
Scoparia dulcis,NOME_ACEITO,
Scoparia montevidensis,NOME_ACEITO,
Stemodia durantifolia,NOME_ACEITO,
Stemodia maritima,NOME_ACEITO,
Stemodia pratensis,,
Limonium brasiliense,NOME_ACEITO,
Acroceras zizanioides,NOME_ACEITO,
Andropogon bicornis,NOME_ACEITO,
Andropogon leucostachyus,NOME_ACEITO,
Andropogon selloanus,NOME_ACEITO,
Andropogon virgatus,NOME_ACEITO,
Anthephora hermaphrodita,NOME_ACEITO,
Axonopus brasiliensis,NOME_ACEITO,
Axonopus leptostachyus,NOME_ACEITO,
Axonopus purpusii,NOME_ACEITO,
Bambusa trinii,SINONIMO,Bambusa trinii
Brachiaria brizantha,SINONIMO,Brachiaria brizantha
Brachiaria decumbens,SINONIMO,Brachiaria decumbens
Brachiaria mutica,SINONIMO,Brachiaria mutica
Brachiaria plantaginea,SINONIMO,Brachiaria plantaginea
Cenchrus echinatus,NOME_ACEITO,
Cenchrus purpureus,NOME_ACEITO,
Chloris barbata,NOME_ACEITO,
Chloris exilis,NOME_ACEITO,
Coix lacryma-jobi,NOME_ACEITO,
Cynodon dactylon,NOME_ACEITO,
Dactyloctenium aegyptium,NOME_ACEITO,
Digitaria ciliaris,NOME_ACEITO,
Digitaria horizontalis,NOME_ACEITO,
Digitaria violascens,NOME_ACEITO,
Dinebra scabra,NOME_ACEITO,
Echinochloa crusgalli,NOME_ACEITO,
Echinochloa crus-pavonis,NOME_ACEITO,
Echinochloa polystachya,NOME_ACEITO,
Eleusine indica,NOME_ACEITO,
Eragrostis acutiflora,NOME_ACEITO,
Eragrostis bahiensis,NOME_ACEITO,
Eragrostis ciliaris,NOME_ACEITO,
Eragrostis japonica,NOME_ACEITO,
Eragrostis pilosa,NOME_ACEITO,
Eragrostis tenella,NOME_ACEITO,
Eriochloa distachya,NOME_ACEITO,
Eriochloa punctata,NOME_ACEITO,
Eriochrysis cayennensis,NOME_ACEITO,
Gynerium sagittatum,NOME_ACEITO,
Homolepis aturensis,NOME_ACEITO,
Homolepis isocalycia,NOME_ACEITO,
Hymenachne donacifolia,NOME_ACEITO,
Imperata brasiliensis,NOME_ACEITO,
Imperata tenuis,NOME_ACEITO,
Isachne polygonoides,NOME_ACEITO,
Ischaemum guianense,NOME_ACEITO,
Ischaemum minus,NOME_ACEITO,
Lasiacis procerrima,NOME_ACEITO,
Leptochloa virgata,NOME_ACEITO,
Leptocoryphium lanatum,SINONIMO,Leptocoryphium lanatum
Luziola bahiensis,NOME_ACEITO,
Luziola brasiliana,SINONIMO,Luziola brasiliana
Luziola fragilis,NOME_ACEITO,
Luziola peruviana,NOME_ACEITO,
Luziola spruceana,NOME_ACEITO,
Luziola subintegra,NOME_ACEITO,
Megathyrsus maximus,NOME_ACEITO,
Mesosetum loliiforme,NOME_ACEITO,
Olyra ecaudata,NOME_ACEITO,
Olyra longifolia,NOME_ACEITO,
Oryza glumaepatula,NOME_ACEITO,
Oryza grandiglumis,NOME_ACEITO,
Oryza latifolia,NOME_ACEITO,
Oryza sativa,NOME_ACEITO,
Otachyrium succisum,NOME_ACEITO,
Otachyrium versicolor,NOME_ACEITO,
Panicum aquaticum,NOME_ACEITO,
Panicum boliviense,SINONIMO,Panicum boliviense
Panicum dichotomiflorum,NOME_ACEITO,
Panicum elephantipes,SINONIMO,Panicum elephantipes
Panicum grande,SINONIMO,Panicum grande
Panicum grumosum,SINONIMO,Panicum grumosum
Panicum helobium,SINONIMO,Panicum helobium
Panicum laxum,SINONIMO,Panicum laxum
Panicum maximum,SINONIMO,Panicum maximum
Panicum mertensii,SINONIMO,Panicum mertensii
Panicum milleflorum,SINONIMO,Panicum milleflorum
Panicum parvifolium,SINONIMO,Panicum parvifolium
Panicum prionitis,SINONIMO,Panicum prionitis
Panicum repens,NOME_ACEITO,
Panicum rivulare,SINONIMO,Panicum rivulare
Panicum sabulorum,SINONIMO,Panicum sabulorum
Panicum schwackeanum,SINONIMO,Panicum schwackeanum
Paratheria prostrata,NOME_ACEITO,
Pariana campestris,NOME_ACEITO,
Paspalidium paludivagum,SINONIMO,Paspalidium paludivagum
Paspalum acuminatum,NOME_ACEITO,
Paspalum boscianum,NOME_ACEITO,
Paspalum conjugatum,NOME_ACEITO,
Paspalum conspersum,NOME_ACEITO,
Paspalum coryphaeum,NOME_ACEITO,
Paspalum densum,NOME_ACEITO,
Paspalum denticulatum,NOME_ACEITO,
Paspalum distichum,NOME_ACEITO,
Paspalum fasciculatum,NOME_ACEITO,
Paspalum glaucescens,NOME_ACEITO,
Paspalum ligulare,NOME_ACEITO,
Paspalum melanospermum,NOME_ACEITO,
Paspalum millegrana,NOME_ACEITO,
Paspalum orbiculatum,NOME_ACEITO,
Paspalum pulchellum,NOME_ACEITO,
Paspalum pumilum,NOME_ACEITO,
Paspalum repens,NOME_ACEITO,
Paspalum trichophyllum,NOME_ACEITO,
Paspalum vaginatum,NOME_ACEITO,
Paspalum virgatum,NOME_ACEITO,
Paspalum wrightii,NOME_ACEITO,
Pennisetum purpureum,SINONIMO,Pennisetum purpureum
Poidium calotheca,SINONIMO,Poidium calotheca
Polypogon elongatus,NOME_ACEITO,
Raddiella esenbeckii,NOME_ACEITO,
Rhytachne rottboellioides,NOME_ACEITO,
Reimarochloa aberrans,NOME_ACEITO,
Reimarochloa acuta,NOME_ACEITO,
Reimarochloa brasiliensis,NOME_ACEITO,
Rugoloa hylaeica,NOME_ACEITO,
Rugoloa pilosa,NOME_ACEITO,
Rugoloa polygonata,NOME_ACEITO,
Sacciolepis striata,NOME_ACEITO,
Sacciolepis vilvoides,NOME_ACEITO,
Spartina alterniflora,NOME_ACEITO,
Spartina densiflora,NOME_ACEITO,
Sorghastrum setosum,NOME_ACEITO,
Sorghum bicolor,NOME_ACEITO,
Sporobolus virginicus,NOME_ACEITO,
Steinchisma laxum,NOME_ACEITO,
Stephostachys mertensii,NOME_ACEITO,
Trichanthecium micranthum,NOME_ACEITO,
Trichanthecium nervosum,NOME_ACEITO,
Trichanthecium parvifolium,NOME_ACEITO,
Trichanthecium pyrularium,NOME_ACEITO,
Urochloa humidicola,NOME_ACEITO,
Urochloa plantaginea,NOME_ACEITO,
Urochloa subquadripara,NOME_ACEITO,
Zizaniopsis bonariensis,NOME_ACEITO,
